-- ============================================================================
-- Bajour Village Seed Data
-- 10 Basel-area villages, 25-30 information units each (300+ total)
-- User: 493c6d51531c7444365b0ec094bc2d67 (CMS token)
-- Run via: Supabase Dashboard SQL Editor or MCP execute_sql
-- Re-runnable: deletes existing Bajour data before inserting
-- ============================================================================

-- 1. CLEANUP — delete existing Bajour scouts (CASCADE deletes executions + units)
DELETE FROM scouts
WHERE user_id = '493c6d51531c7444365b0ec094bc2d67'
  AND name LIKE 'Bajour:%';

-- 2. HELPER — deterministic topic-clustered 1536-dim embedding generator
CREATE OR REPLACE FUNCTION _seed_embedding(p_topic INT, p_unit INT)
RETURNS vector(1536) AS $$
  SELECT array_agg(
    CASE
      WHEN i >= p_topic * 192 AND i < (p_topic + 1) * 192
      THEN (0.05 + (p_unit::float8 * 0.002) + (((i * 7 + p_unit * 13) % 97)::float8 * 0.00005))
      ELSE (0.001 + (((i * 11 + p_unit * 17) % 89)::float8 * 0.00001))
    END
    ORDER BY i
  )::vector(1536)
  FROM generate_series(0, 1535) AS i;
$$ LANGUAGE sql IMMUTABLE;

-- ============================================================================
-- 3. SCOUTS (10 rows) — one per village, all inactive data containers
-- ============================================================================

INSERT INTO scouts (id, user_id, name, url, criteria, location, topic, frequency, is_active, last_run_at, consecutive_failures, notification_email, created_at, updated_at) VALUES

('ba000000-0001-4000-a000-000000000001', '493c6d51531c7444365b0ec094bc2d67',
 'Bajour: Riehen',
 'https://www.riehen.ch/aktuelles',
 'Lokale Nachrichten aus der Gemeinde Riehen: Gemeinderat, Veranstaltungen, Infrastruktur, Schule und Vereine',
 '{"city":"Riehen","state":"Basel-Stadt","country":"Schweiz","latitude":47.5789,"longitude":7.6469}'::jsonb,
 'Lokalnachrichten', 'weekly', false,
 NOW() - INTERVAL '2 days', 0, NULL,
 NOW() - INTERVAL '30 days', NOW() - INTERVAL '2 days'),

('ba000000-0002-4000-a000-000000000002', '493c6d51531c7444365b0ec094bc2d67',
 'Bajour: Bettingen',
 'https://www.bettingen.ch/aktuelles',
 'Lokale Nachrichten aus der Gemeinde Bettingen: Gemeinderat, Veranstaltungen, Infrastruktur, Schule und Vereine',
 '{"city":"Bettingen","state":"Basel-Stadt","country":"Schweiz","latitude":47.5726,"longitude":7.6639}'::jsonb,
 'Lokalnachrichten', 'weekly', false,
 NOW() - INTERVAL '2 days', 0, NULL,
 NOW() - INTERVAL '30 days', NOW() - INTERVAL '2 days'),

('ba000000-0003-4000-a000-000000000003', '493c6d51531c7444365b0ec094bc2d67',
 'Bajour: Allschwil',
 'https://www.allschwil.ch/aktuelles',
 'Lokale Nachrichten aus der Gemeinde Allschwil: Gemeinderat, Veranstaltungen, Infrastruktur, Schule und Vereine',
 '{"city":"Allschwil","state":"Basel-Landschaft","country":"Schweiz","latitude":47.5508,"longitude":7.5362}'::jsonb,
 'Lokalnachrichten', 'weekly', false,
 NOW() - INTERVAL '2 days', 0, NULL,
 NOW() - INTERVAL '30 days', NOW() - INTERVAL '2 days'),

('ba000000-0004-4000-a000-000000000004', '493c6d51531c7444365b0ec094bc2d67',
 'Bajour: Binningen',
 'https://www.binningen.ch/aktuelles',
 'Lokale Nachrichten aus der Gemeinde Binningen: Gemeinderat, Veranstaltungen, Infrastruktur, Schule und Vereine',
 '{"city":"Binningen","state":"Basel-Landschaft","country":"Schweiz","latitude":47.5407,"longitude":7.5695}'::jsonb,
 'Lokalnachrichten', 'weekly', false,
 NOW() - INTERVAL '2 days', 0, NULL,
 NOW() - INTERVAL '30 days', NOW() - INTERVAL '2 days'),

('ba000000-0005-4000-a000-000000000005', '493c6d51531c7444365b0ec094bc2d67',
 'Bajour: Arlesheim',
 'https://www.arlesheim.ch/aktuelles',
 'Lokale Nachrichten aus der Gemeinde Arlesheim: Gemeinderat, Veranstaltungen, Infrastruktur, Schule und Vereine',
 '{"city":"Arlesheim","state":"Basel-Landschaft","country":"Schweiz","latitude":47.4949,"longitude":7.6207}'::jsonb,
 'Lokalnachrichten', 'weekly', false,
 NOW() - INTERVAL '2 days', 0, NULL,
 NOW() - INTERVAL '30 days', NOW() - INTERVAL '2 days'),

('ba000000-0006-4000-a000-000000000006', '493c6d51531c7444365b0ec094bc2d67',
 'Bajour: Muttenz',
 'https://www.muttenz.ch/aktuelles',
 'Lokale Nachrichten aus der Gemeinde Muttenz: Gemeinderat, Veranstaltungen, Infrastruktur, Schule und Vereine',
 '{"city":"Muttenz","state":"Basel-Landschaft","country":"Schweiz","latitude":47.5225,"longitude":7.6451}'::jsonb,
 'Lokalnachrichten', 'weekly', false,
 NOW() - INTERVAL '2 days', 0, NULL,
 NOW() - INTERVAL '30 days', NOW() - INTERVAL '2 days'),

('ba000000-0007-4000-a000-000000000007', '493c6d51531c7444365b0ec094bc2d67',
 'Bajour: Münchenstein',
 'https://www.muenchenstein.ch/aktuelles',
 'Lokale Nachrichten aus der Gemeinde Münchenstein: Gemeinderat, Veranstaltungen, Infrastruktur, Schule und Vereine',
 '{"city":"Münchenstein","state":"Basel-Landschaft","country":"Schweiz","latitude":47.5167,"longitude":7.6167}'::jsonb,
 'Lokalnachrichten', 'weekly', false,
 NOW() - INTERVAL '2 days', 0, NULL,
 NOW() - INTERVAL '30 days', NOW() - INTERVAL '2 days'),

('ba000000-0008-4000-a000-000000000008', '493c6d51531c7444365b0ec094bc2d67',
 'Bajour: Reinach',
 'https://www.reinach-bl.ch/aktuelles',
 'Lokale Nachrichten aus der Gemeinde Reinach BL: Gemeinderat, Veranstaltungen, Infrastruktur, Schule und Vereine',
 '{"city":"Reinach","state":"Basel-Landschaft","country":"Schweiz","latitude":47.4935,"longitude":7.5912}'::jsonb,
 'Lokalnachrichten', 'weekly', false,
 NOW() - INTERVAL '2 days', 0, NULL,
 NOW() - INTERVAL '30 days', NOW() - INTERVAL '2 days'),

('ba000000-0009-4000-a000-000000000009', '493c6d51531c7444365b0ec094bc2d67',
 'Bajour: Oberwil',
 'https://www.oberwil.ch/aktuelles',
 'Lokale Nachrichten aus der Gemeinde Oberwil BL: Gemeinderat, Veranstaltungen, Infrastruktur, Schule und Vereine',
 '{"city":"Oberwil","state":"Basel-Landschaft","country":"Schweiz","latitude":47.5148,"longitude":7.5555}'::jsonb,
 'Lokalnachrichten', 'weekly', false,
 NOW() - INTERVAL '2 days', 0, NULL,
 NOW() - INTERVAL '30 days', NOW() - INTERVAL '2 days'),

('ba000000-000a-4000-a000-00000000000a', '493c6d51531c7444365b0ec094bc2d67',
 'Bajour: Birsfelden',
 'https://www.birsfelden.ch/aktuelles',
 'Lokale Nachrichten aus der Gemeinde Birsfelden: Gemeinderat, Veranstaltungen, Infrastruktur, Schule und Vereine',
 '{"city":"Birsfelden","state":"Basel-Landschaft","country":"Schweiz","latitude":47.5528,"longitude":7.6222}'::jsonb,
 'Lokalnachrichten', 'weekly', false,
 NOW() - INTERVAL '2 days', 0, NULL,
 NOW() - INTERVAL '30 days', NOW() - INTERVAL '2 days');

-- ============================================================================
-- 4. EXECUTIONS (10 rows) — one completed execution per scout
-- ============================================================================

INSERT INTO scout_executions (id, scout_id, user_id, status, started_at, completed_at, change_status, criteria_matched, summary_text, summary_embedding, is_duplicate, duplicate_similarity, notification_sent, notification_error, error_message, units_extracted, scrape_duration_ms, created_at) VALUES

('bc000000-0001-4000-a000-000000000001',
 'ba000000-0001-4000-a000-000000000001', '493c6d51531c7444365b0ec094bc2d67', 'completed',
 NOW() - INTERVAL '2 days', NOW() - INTERVAL '2 days' + INTERVAL '50 seconds',
 'first_run', true,
 'Gemeinderat Riehen genehmigt Schulhaus-Sanierung, Wettsteinpark-Fest, BVB-Linie 6 Bauarbeiten.',
 _seed_embedding(0, 200), false, NULL, false, NULL, NULL, 27, 4200,
 NOW() - INTERVAL '2 days'),

('bc000000-0002-4000-a000-000000000002',
 'ba000000-0002-4000-a000-000000000002', '493c6d51531c7444365b0ec094bc2d67', 'completed',
 NOW() - INTERVAL '2 days', NOW() - INTERVAL '2 days' + INTERVAL '38 seconds',
 'first_run', true,
 'Bürgergemeinde Bettingen Waldpflege, Chrischona-Turm Renovation, Gemeindeversammlung Budget.',
 _seed_embedding(0, 210), false, NULL, false, NULL, NULL, 25, 3100,
 NOW() - INTERVAL '2 days'),

('bc000000-0003-4000-a000-000000000003',
 'ba000000-0003-4000-a000-000000000003', '493c6d51531c7444365b0ec094bc2d67', 'completed',
 NOW() - INTERVAL '2 days', NOW() - INTERVAL '2 days' + INTERVAL '55 seconds',
 'first_run', true,
 'Allschwil Bachgraben-Entwicklung, Turnverein Jubiläum, Schulrat Lehrermangel, Tram 3 Verlängerung.',
 _seed_embedding(0, 220), false, NULL, false, NULL, NULL, 27, 4500,
 NOW() - INTERVAL '2 days'),

('bc000000-0004-4000-a000-000000000004',
 'ba000000-0004-4000-a000-000000000004', '493c6d51531c7444365b0ec094bc2d67', 'completed',
 NOW() - INTERVAL '2 days', NOW() - INTERVAL '2 days' + INTERVAL '42 seconds',
 'first_run', true,
 'Binningen Kronenplatz Neugestaltung, Schloss Binningen Konzerte, BLT 10 Fahrplanwechsel.',
 _seed_embedding(0, 230), false, NULL, false, NULL, NULL, 26, 3800,
 NOW() - INTERVAL '2 days'),

('bc000000-0005-4000-a000-000000000005',
 'ba000000-0005-4000-a000-000000000005', '493c6d51531c7444365b0ec094bc2d67', 'completed',
 NOW() - INTERVAL '2 days', NOW() - INTERVAL '2 days' + INTERVAL '47 seconds',
 'first_run', true,
 'Arlesheim Dom-Konzert, Ermitage Renovation, Dorfkern Tempo-30, Primarschule Neubau.',
 _seed_embedding(1, 200), false, NULL, false, NULL, NULL, 25, 3600,
 NOW() - INTERVAL '2 days'),

('bc000000-0006-4000-a000-000000000006',
 'ba000000-0006-4000-a000-000000000006', '493c6d51531c7444365b0ec094bc2d67', 'completed',
 NOW() - INTERVAL '2 days', NOW() - INTERVAL '2 days' + INTERVAL '51 seconds',
 'first_run', true,
 'Muttenz Polyfeld Überbauung, Wartenberg Wanderweg, FHNW Campus, Gemeinderat Steuererhöhung.',
 _seed_embedding(1, 210), false, NULL, false, NULL, NULL, 27, 4100,
 NOW() - INTERVAL '2 days'),

('bc000000-0007-4000-a000-000000000007',
 'ba000000-0007-4000-a000-000000000007', '493c6d51531c7444365b0ec094bc2d67', 'completed',
 NOW() - INTERVAL '2 days', NOW() - INTERVAL '2 days' + INTERVAL '44 seconds',
 'first_run', true,
 'Münchenstein St. Jakob-Park Erweiterung, Dorfplatz Markt, BLT-Haltestelle Renovation.',
 _seed_embedding(1, 220), false, NULL, false, NULL, NULL, 26, 3900,
 NOW() - INTERVAL '2 days'),

('bc000000-0008-4000-a000-000000000008',
 'ba000000-0008-4000-a000-000000000008', '493c6d51531c7444365b0ec094bc2d67', 'completed',
 NOW() - INTERVAL '2 days', NOW() - INTERVAL '2 days' + INTERVAL '48 seconds',
 'first_run', true,
 'Reinach Fiechten-Quartier Verdichtung, Wochenmarkt, Schulrat Digitalisierung, Birspark.',
 _seed_embedding(2, 200), false, NULL, false, NULL, NULL, 27, 4300,
 NOW() - INTERVAL '2 days'),

('bc000000-0009-4000-a000-000000000009',
 'ba000000-0009-4000-a000-000000000009', '493c6d51531c7444365b0ec094bc2d67', 'completed',
 NOW() - INTERVAL '2 days', NOW() - INTERVAL '2 days' + INTERVAL '40 seconds',
 'first_run', true,
 'Oberwil Zentrum Neuplanung, Eisweiher Sanierung, Gemeinderat Verkehrsberuhigung.',
 _seed_embedding(2, 210), false, NULL, false, NULL, NULL, 25, 3500,
 NOW() - INTERVAL '2 days'),

('bc000000-000a-4000-a000-00000000000a',
 'ba000000-000a-4000-a000-00000000000a', '493c6d51531c7444365b0ec094bc2d67', 'completed',
 NOW() - INTERVAL '2 days', NOW() - INTERVAL '2 days' + INTERVAL '45 seconds',
 'first_run', true,
 'Birsfelden Hafenareal Umnutzung, Rheinufer Promenade, Kraftwerk-Sanierung, Gemeinderat.',
 _seed_embedding(2, 220), false, NULL, false, NULL, NULL, 26, 3700,
 NOW() - INTERVAL '2 days');

-- ============================================================================
-- 5. INFORMATION UNITS (300+ rows)
-- German-language local news with explicit dates, event_date populated.
-- Recency: ~40% last 7d, ~30% 8-14d, ~30% 15-30d
-- ============================================================================

-- ========== RIEHEN (27 units, topic 0) ==========

INSERT INTO information_units (user_id, scout_id, execution_id, statement, unit_type, entities, source_url, source_domain, source_title, location, topic, embedding, used_in_article, used_at, created_at, event_date, source_type) VALUES
('493c6d51531c7444365b0ec094bc2d67', 'ba000000-0001-4000-a000-000000000001', 'bc000000-0001-4000-a000-000000000001',
 'Am 24. Februar 2026 hat der Gemeinderat Riehen den Kredit von 4,2 Millionen Franken für die Sanierung des Schulhauses Erlensträsschen genehmigt.',
 'fact', ARRAY['Gemeinderat Riehen', 'Schulhaus Erlensträsschen'],
 'https://www.riehen.ch/aktuelles', 'riehen.ch', 'Gemeinde Riehen Aktuelles',
 '{"city":"Riehen","state":"Basel-Stadt","country":"Schweiz","latitude":47.5789,"longitude":7.6469}'::jsonb,
 'Lokalnachrichten', _seed_embedding(0, 301), false, NULL, NOW() - INTERVAL '1 day', (NOW() - INTERVAL '1 day')::date, 'scout'),
('493c6d51531c7444365b0ec094bc2d67', 'ba000000-0001-4000-a000-000000000001', 'bc000000-0001-4000-a000-000000000001',
 'Am 23. Februar 2026 wurde die Bahnhofstrasse Riehen wegen eines Wasserrohrbruchs zwischen Schmiedgasse und Rössligasse für den Verkehr gesperrt.',
 'event', ARRAY['Bahnhofstrasse', 'IWB'],
 'https://www.riehen.ch/aktuelles', 'riehen.ch', 'Gemeinde Riehen Aktuelles',
 '{"city":"Riehen","state":"Basel-Stadt","country":"Schweiz","latitude":47.5789,"longitude":7.6469}'::jsonb,
 'Lokalnachrichten', _seed_embedding(0, 302), false, NULL, NOW() - INTERVAL '2 days', (NOW() - INTERVAL '2 days')::date, 'scout'),
('493c6d51531c7444365b0ec094bc2d67', 'ba000000-0001-4000-a000-000000000001', 'bc000000-0001-4000-a000-000000000001',
 'Am 22. Februar 2026 fand im Gemeindesaal Riehen die Vernissage der Ausstellung «Riehen im Wandel» mit über 150 Besuchern statt.',
 'event', ARRAY['Gemeindesaal Riehen'],
 'https://www.riehen.ch/aktuelles', 'riehen.ch', 'Gemeinde Riehen Aktuelles',
 '{"city":"Riehen","state":"Basel-Stadt","country":"Schweiz","latitude":47.5789,"longitude":7.6469}'::jsonb,
 'Lokalnachrichten', _seed_embedding(0, 303), false, NULL, NOW() - INTERVAL '3 days', (NOW() - INTERVAL '3 days')::date, 'scout'),
('493c6d51531c7444365b0ec094bc2d67', 'ba000000-0001-4000-a000-000000000001', 'bc000000-0001-4000-a000-000000000001',
 'Am 21. Februar 2026 hat die BVB angekündigt, dass die Tramlinie 6 zwischen Riehen Dorf und Fondation Beyeler ab März für sechs Wochen unterbrochen wird.',
 'fact', ARRAY['BVB', 'Tramlinie 6', 'Fondation Beyeler'],
 'https://www.riehen.ch/aktuelles', 'riehen.ch', 'Gemeinde Riehen Aktuelles',
 '{"city":"Riehen","state":"Basel-Stadt","country":"Schweiz","latitude":47.5789,"longitude":7.6469}'::jsonb,
 'Lokalnachrichten', _seed_embedding(0, 304), false, NULL, NOW() - INTERVAL '4 days', (NOW() - INTERVAL '4 days')::date, 'scout'),
('493c6d51531c7444365b0ec094bc2d67', 'ba000000-0001-4000-a000-000000000001', 'bc000000-0001-4000-a000-000000000001',
 'Am 20. Februar 2026 hat der Einwohnerrat Riehen die neue Abfallverordnung mit Grüngut-Trennung ab April beschlossen.',
 'fact', ARRAY['Einwohnerrat Riehen'],
 'https://www.riehen.ch/aktuelles', 'riehen.ch', 'Gemeinde Riehen Aktuelles',
 '{"city":"Riehen","state":"Basel-Stadt","country":"Schweiz","latitude":47.5789,"longitude":7.6469}'::jsonb,
 'Lokalnachrichten', _seed_embedding(0, 305), false, NULL, NOW() - INTERVAL '5 days', (NOW() - INTERVAL '5 days')::date, 'scout'),
('493c6d51531c7444365b0ec094bc2d67', 'ba000000-0001-4000-a000-000000000001', 'bc000000-0001-4000-a000-000000000001',
 'Am 19. Februar 2026 wurde bekannt, dass die Fondation Beyeler im ersten Quartal 2026 bereits 85''000 Besucher verzeichnet hat.',
 'fact', ARRAY['Fondation Beyeler'],
 'https://www.riehen.ch/aktuelles', 'riehen.ch', 'Gemeinde Riehen Aktuelles',
 '{"city":"Riehen","state":"Basel-Stadt","country":"Schweiz","latitude":47.5789,"longitude":7.6469}'::jsonb,
 'Lokalnachrichten', _seed_embedding(0, 306), false, NULL, NOW() - INTERVAL '6 days', (NOW() - INTERVAL '6 days')::date, 'scout'),
('493c6d51531c7444365b0ec094bc2d67', 'ba000000-0001-4000-a000-000000000001', 'bc000000-0001-4000-a000-000000000001',
 'Am 18. Februar 2026 hat der FC Riehen sein Heimspiel gegen den FC Aesch im Grendelmatt-Stadion mit 3:1 gewonnen.',
 'event', ARRAY['FC Riehen', 'FC Aesch', 'Grendelmatt'],
 'https://www.riehen.ch/aktuelles', 'riehen.ch', 'Gemeinde Riehen Aktuelles',
 '{"city":"Riehen","state":"Basel-Stadt","country":"Schweiz","latitude":47.5789,"longitude":7.6469}'::jsonb,
 'Lokalnachrichten', _seed_embedding(0, 307), false, NULL, NOW() - INTERVAL '7 days', (NOW() - INTERVAL '7 days')::date, 'scout'),
('493c6d51531c7444365b0ec094bc2d67', 'ba000000-0001-4000-a000-000000000001', 'bc000000-0001-4000-a000-000000000001',
 'Am 17. Februar 2026 hat die Musikschule Riehen die Anmeldezahlen für das Frühjahrssemester veröffentlicht: 420 Schülerinnen und Schüler sind eingeschrieben.',
 'fact', ARRAY['Musikschule Riehen'],
 'https://www.riehen.ch/aktuelles', 'riehen.ch', 'Gemeinde Riehen Aktuelles',
 '{"city":"Riehen","state":"Basel-Stadt","country":"Schweiz","latitude":47.5789,"longitude":7.6469}'::jsonb,
 'Lokalnachrichten', _seed_embedding(0, 308), false, NULL, NOW() - INTERVAL '8 days', (NOW() - INTERVAL '8 days')::date, 'scout'),
('493c6d51531c7444365b0ec094bc2d67', 'ba000000-0001-4000-a000-000000000001', 'bc000000-0001-4000-a000-000000000001',
 'Am 16. Februar 2026 hat der Samariterverein Riehen seinen neuen Defibrillator-Standort beim Naturbad Riehen eingeweiht.',
 'event', ARRAY['Samariterverein Riehen', 'Naturbad Riehen'],
 'https://www.riehen.ch/aktuelles', 'riehen.ch', 'Gemeinde Riehen Aktuelles',
 '{"city":"Riehen","state":"Basel-Stadt","country":"Schweiz","latitude":47.5789,"longitude":7.6469}'::jsonb,
 'Lokalnachrichten', _seed_embedding(0, 309), false, NULL, NOW() - INTERVAL '9 days', (NOW() - INTERVAL '9 days')::date, 'scout'),
('493c6d51531c7444365b0ec094bc2d67', 'ba000000-0001-4000-a000-000000000001', 'bc000000-0001-4000-a000-000000000001',
 'Am 15. Februar 2026 wurde die Sanierung der Rauracherstrasse in Riehen planmässig abgeschlossen und die Strasse für den Verkehr freigegeben.',
 'event', ARRAY['Rauracherstrasse'],
 'https://www.riehen.ch/aktuelles', 'riehen.ch', 'Gemeinde Riehen Aktuelles',
 '{"city":"Riehen","state":"Basel-Stadt","country":"Schweiz","latitude":47.5789,"longitude":7.6469}'::jsonb,
 'Lokalnachrichten', _seed_embedding(0, 310), false, NULL, NOW() - INTERVAL '10 days', (NOW() - INTERVAL '10 days')::date, 'scout'),
('493c6d51531c7444365b0ec094bc2d67', 'ba000000-0001-4000-a000-000000000001', 'bc000000-0001-4000-a000-000000000001',
 'Am 14. Februar 2026 hat das Restaurant Landgasthof Riehen nach dreijähriger Renovation unter neuer Leitung wiedereröffnet.',
 'event', ARRAY['Landgasthof Riehen'],
 'https://www.riehen.ch/aktuelles', 'riehen.ch', 'Gemeinde Riehen Aktuelles',
 '{"city":"Riehen","state":"Basel-Stadt","country":"Schweiz","latitude":47.5789,"longitude":7.6469}'::jsonb,
 'Lokalnachrichten', _seed_embedding(0, 311), false, NULL, NOW() - INTERVAL '11 days', (NOW() - INTERVAL '11 days')::date, 'scout'),
('493c6d51531c7444365b0ec094bc2d67', 'ba000000-0001-4000-a000-000000000001', 'bc000000-0001-4000-a000-000000000001',
 'Am 13. Februar 2026 hat der Gemeinderat Riehen die Einführung eines Tempo-30-Konzepts für die Lörracherstrasse beschlossen.',
 'fact', ARRAY['Gemeinderat Riehen', 'Lörracherstrasse'],
 'https://www.riehen.ch/aktuelles', 'riehen.ch', 'Gemeinde Riehen Aktuelles',
 '{"city":"Riehen","state":"Basel-Stadt","country":"Schweiz","latitude":47.5789,"longitude":7.6469}'::jsonb,
 'Lokalnachrichten', _seed_embedding(0, 312), false, NULL, NOW() - INTERVAL '12 days', (NOW() - INTERVAL '12 days')::date, 'scout'),
('493c6d51531c7444365b0ec094bc2d67', 'ba000000-0001-4000-a000-000000000001', 'bc000000-0001-4000-a000-000000000001',
 'Am 12. Februar 2026 hat die Bürgergemeinde Riehen die Ergebnisse der Forstinventur vorgestellt: Der Riehener Wald umfasst 320 Hektaren.',
 'fact', ARRAY['Bürgergemeinde Riehen'],
 'https://www.riehen.ch/aktuelles', 'riehen.ch', 'Gemeinde Riehen Aktuelles',
 '{"city":"Riehen","state":"Basel-Stadt","country":"Schweiz","latitude":47.5789,"longitude":7.6469}'::jsonb,
 'Lokalnachrichten', _seed_embedding(0, 313), false, NULL, NOW() - INTERVAL '13 days', (NOW() - INTERVAL '13 days')::date, 'scout'),
('493c6d51531c7444365b0ec094bc2d67', 'ba000000-0001-4000-a000-000000000001', 'bc000000-0001-4000-a000-000000000001',
 'Am 11. Februar 2026 hat die Primarschule Wasserstelzen Riehen ihren Projekttag «Natur erleben» mit 180 Kindern durchgeführt.',
 'event', ARRAY['Primarschule Wasserstelzen'],
 'https://www.riehen.ch/aktuelles', 'riehen.ch', 'Gemeinde Riehen Aktuelles',
 '{"city":"Riehen","state":"Basel-Stadt","country":"Schweiz","latitude":47.5789,"longitude":7.6469}'::jsonb,
 'Lokalnachrichten', _seed_embedding(0, 314), false, NULL, NOW() - INTERVAL '14 days', (NOW() - INTERVAL '14 days')::date, 'scout'),
('493c6d51531c7444365b0ec094bc2d67', 'ba000000-0001-4000-a000-000000000001', 'bc000000-0001-4000-a000-000000000001',
 'Am 9. Februar 2026 hat der Quartierverein Niederholz das Programm für das Frühlingsfest im Wettsteinpark veröffentlicht.',
 'event', ARRAY['Quartierverein Niederholz', 'Wettsteinpark'],
 'https://www.riehen.ch/aktuelles', 'riehen.ch', 'Gemeinde Riehen Aktuelles',
 '{"city":"Riehen","state":"Basel-Stadt","country":"Schweiz","latitude":47.5789,"longitude":7.6469}'::jsonb,
 'Lokalnachrichten', _seed_embedding(0, 315), false, NULL, NOW() - INTERVAL '16 days', (NOW() - INTERVAL '16 days')::date, 'scout'),
('493c6d51531c7444365b0ec094bc2d67', 'ba000000-0001-4000-a000-000000000001', 'bc000000-0001-4000-a000-000000000001',
 'Am 7. Februar 2026 hat die Gemeindeverwaltung Riehen den Bevölkerungsbericht 2025 vorgelegt: Riehen zählt neu 21''340 Einwohner.',
 'fact', ARRAY['Gemeindeverwaltung Riehen'],
 'https://www.riehen.ch/aktuelles', 'riehen.ch', 'Gemeinde Riehen Aktuelles',
 '{"city":"Riehen","state":"Basel-Stadt","country":"Schweiz","latitude":47.5789,"longitude":7.6469}'::jsonb,
 'Lokalnachrichten', _seed_embedding(0, 316), false, NULL, NOW() - INTERVAL '18 days', (NOW() - INTERVAL '18 days')::date, 'scout'),
('493c6d51531c7444365b0ec094bc2d67', 'ba000000-0001-4000-a000-000000000001', 'bc000000-0001-4000-a000-000000000001',
 'Am 6. Februar 2026 hat der Kindergarten Kornfeldweg Riehen einen neuen Spielplatz mit Naturmaterialien eingeweiht.',
 'event', ARRAY['Kindergarten Kornfeldweg'],
 'https://www.riehen.ch/aktuelles', 'riehen.ch', 'Gemeinde Riehen Aktuelles',
 '{"city":"Riehen","state":"Basel-Stadt","country":"Schweiz","latitude":47.5789,"longitude":7.6469}'::jsonb,
 'Lokalnachrichten', _seed_embedding(0, 317), false, NULL, NOW() - INTERVAL '19 days', (NOW() - INTERVAL '19 days')::date, 'scout'),
('493c6d51531c7444365b0ec094bc2d67', 'ba000000-0001-4000-a000-000000000001', 'bc000000-0001-4000-a000-000000000001',
 'Am 5. Februar 2026 hat der Gewerbeverein Riehen den Abschluss der Weihnachtsmarkt-Saison 2025 mit einem Rekorderlös von 48''000 Franken bekanntgegeben.',
 'fact', ARRAY['Gewerbeverein Riehen'],
 'https://www.riehen.ch/aktuelles', 'riehen.ch', 'Gemeinde Riehen Aktuelles',
 '{"city":"Riehen","state":"Basel-Stadt","country":"Schweiz","latitude":47.5789,"longitude":7.6469}'::jsonb,
 'Lokalnachrichten', _seed_embedding(0, 318), false, NULL, NOW() - INTERVAL '20 days', (NOW() - INTERVAL '20 days')::date, 'scout'),
('493c6d51531c7444365b0ec094bc2d67', 'ba000000-0001-4000-a000-000000000001', 'bc000000-0001-4000-a000-000000000001',
 'Am 4. Februar 2026 hat das Alters- und Pflegeheim Wendelin in Riehen den Spatenstich für den Erweiterungsbau mit 24 neuen Zimmern gefeiert.',
 'event', ARRAY['Altersheim Wendelin'],
 'https://www.riehen.ch/aktuelles', 'riehen.ch', 'Gemeinde Riehen Aktuelles',
 '{"city":"Riehen","state":"Basel-Stadt","country":"Schweiz","latitude":47.5789,"longitude":7.6469}'::jsonb,
 'Lokalnachrichten', _seed_embedding(0, 319), false, NULL, NOW() - INTERVAL '21 days', (NOW() - INTERVAL '21 days')::date, 'scout'),
('493c6d51531c7444365b0ec094bc2d67', 'ba000000-0001-4000-a000-000000000001', 'bc000000-0001-4000-a000-000000000001',
 'Am 3. Februar 2026 hat der Schulrat Riehen das neue Konzept für die Tagesstrukturen an allen drei Primarschulen vorgestellt.',
 'entity_update', ARRAY['Schulrat Riehen'],
 'https://www.riehen.ch/aktuelles', 'riehen.ch', 'Gemeinde Riehen Aktuelles',
 '{"city":"Riehen","state":"Basel-Stadt","country":"Schweiz","latitude":47.5789,"longitude":7.6469}'::jsonb,
 'Lokalnachrichten', _seed_embedding(0, 320), false, NULL, NOW() - INTERVAL '22 days', (NOW() - INTERVAL '22 days')::date, 'scout'),
('493c6d51531c7444365b0ec094bc2d67', 'ba000000-0001-4000-a000-000000000001', 'bc000000-0001-4000-a000-000000000001',
 'Am 2. Februar 2026 hat die Gemeinde Riehen neue Recycling-Sammelstellen an der Bettingerstrasse und am Moosweg eröffnet.',
 'event', ARRAY['Gemeinde Riehen', 'Bettingerstrasse'],
 'https://www.riehen.ch/aktuelles', 'riehen.ch', 'Gemeinde Riehen Aktuelles',
 '{"city":"Riehen","state":"Basel-Stadt","country":"Schweiz","latitude":47.5789,"longitude":7.6469}'::jsonb,
 'Lokalnachrichten', _seed_embedding(0, 321), false, NULL, NOW() - INTERVAL '23 days', (NOW() - INTERVAL '23 days')::date, 'scout'),
('493c6d51531c7444365b0ec094bc2d67', 'ba000000-0001-4000-a000-000000000001', 'bc000000-0001-4000-a000-000000000001',
 'Am 1. Februar 2026 hat der Turnverein Riehen beim kantonalen Hallenturnfest in Basel drei Goldmedaillen gewonnen.',
 'event', ARRAY['Turnverein Riehen'],
 'https://www.riehen.ch/aktuelles', 'riehen.ch', 'Gemeinde Riehen Aktuelles',
 '{"city":"Riehen","state":"Basel-Stadt","country":"Schweiz","latitude":47.5789,"longitude":7.6469}'::jsonb,
 'Lokalnachrichten', _seed_embedding(0, 322), false, NULL, NOW() - INTERVAL '24 days', (NOW() - INTERVAL '24 days')::date, 'scout'),
('493c6d51531c7444365b0ec094bc2d67', 'ba000000-0001-4000-a000-000000000001', 'bc000000-0001-4000-a000-000000000001',
 'Am 30. Januar 2026 wurde die Zahnarztpraxis Dr. Keller an der Schmiedgasse 12 in Riehen nach Umbau neu eröffnet.',
 'entity_update', ARRAY['Schmiedgasse'],
 'https://www.riehen.ch/aktuelles', 'riehen.ch', 'Gemeinde Riehen Aktuelles',
 '{"city":"Riehen","state":"Basel-Stadt","country":"Schweiz","latitude":47.5789,"longitude":7.6469}'::jsonb,
 'Lokalnachrichten', _seed_embedding(0, 323), false, NULL, NOW() - INTERVAL '26 days', (NOW() - INTERVAL '26 days')::date, 'scout'),
('493c6d51531c7444365b0ec094bc2d67', 'ba000000-0001-4000-a000-000000000001', 'bc000000-0001-4000-a000-000000000001',
 'Am 29. Januar 2026 hat die Einwohnergemeinde Riehen den Voranschlag 2026 mit einem Aufwandüberschuss von 1,8 Millionen Franken verabschiedet.',
 'fact', ARRAY['Einwohnergemeinde Riehen'],
 'https://www.riehen.ch/aktuelles', 'riehen.ch', 'Gemeinde Riehen Aktuelles',
 '{"city":"Riehen","state":"Basel-Stadt","country":"Schweiz","latitude":47.5789,"longitude":7.6469}'::jsonb,
 'Lokalnachrichten', _seed_embedding(0, 324), false, NULL, NOW() - INTERVAL '27 days', (NOW() - INTERVAL '27 days')::date, 'scout'),
('493c6d51531c7444365b0ec094bc2d67', 'ba000000-0001-4000-a000-000000000001', 'bc000000-0001-4000-a000-000000000001',
 'Am 28. Januar 2026 hat das Spielzeugmuseum Riehen eine Sonderausstellung über Holzspielzeug aus dem Schwarzwald eröffnet.',
 'event', ARRAY['Spielzeugmuseum Riehen'],
 'https://www.riehen.ch/aktuelles', 'riehen.ch', 'Gemeinde Riehen Aktuelles',
 '{"city":"Riehen","state":"Basel-Stadt","country":"Schweiz","latitude":47.5789,"longitude":7.6469}'::jsonb,
 'Lokalnachrichten', _seed_embedding(0, 325), false, NULL, NOW() - INTERVAL '28 days', (NOW() - INTERVAL '28 days')::date, 'scout'),
('493c6d51531c7444365b0ec094bc2d67', 'ba000000-0001-4000-a000-000000000001', 'bc000000-0001-4000-a000-000000000001',
 'Am 27. Januar 2026 wurde die neue Photovoltaikanlage auf dem Dach der Turnhalle Wasserstelzen in Riehen in Betrieb genommen.',
 'entity_update', ARRAY['Turnhalle Wasserstelzen'],
 'https://www.riehen.ch/aktuelles', 'riehen.ch', 'Gemeinde Riehen Aktuelles',
 '{"city":"Riehen","state":"Basel-Stadt","country":"Schweiz","latitude":47.5789,"longitude":7.6469}'::jsonb,
 'Lokalnachrichten', _seed_embedding(0, 326), false, NULL, NOW() - INTERVAL '29 days', (NOW() - INTERVAL '29 days')::date, 'scout');

-- ========== BETTINGEN (25 units, topic 0) ==========

INSERT INTO information_units (user_id, scout_id, execution_id, statement, unit_type, entities, source_url, source_domain, source_title, location, topic, embedding, used_in_article, used_at, created_at, event_date, source_type) VALUES
('493c6d51531c7444365b0ec094bc2d67', 'ba000000-0002-4000-a000-000000000002', 'bc000000-0002-4000-a000-000000000002',
 'Am 24. Februar 2026 hat die Bürgergemeinde Bettingen die Resultate der Waldpflegeaktion am Chrischona-Hügel vorgestellt: 45 Freiwillige pflanzten 200 Jungbäume.',
 'event', ARRAY['Bürgergemeinde Bettingen', 'Chrischona'],
 'https://www.bettingen.ch/aktuelles', 'bettingen.ch', 'Gemeinde Bettingen Aktuelles',
 '{"city":"Bettingen","state":"Basel-Stadt","country":"Schweiz","latitude":47.5726,"longitude":7.6639}'::jsonb,
 'Lokalnachrichten', _seed_embedding(0, 331), false, NULL, NOW() - INTERVAL '1 day', (NOW() - INTERVAL '1 day')::date, 'scout'),
('493c6d51531c7444365b0ec094bc2d67', 'ba000000-0002-4000-a000-000000000002', 'bc000000-0002-4000-a000-000000000002',
 'Am 23. Februar 2026 hat der Gemeinderat Bettingen den Vertrag für die Renovation des Chrischona-Turms mit der Firma Implenia unterzeichnet.',
 'fact', ARRAY['Gemeinderat Bettingen', 'Chrischona-Turm', 'Implenia'],
 'https://www.bettingen.ch/aktuelles', 'bettingen.ch', 'Gemeinde Bettingen Aktuelles',
 '{"city":"Bettingen","state":"Basel-Stadt","country":"Schweiz","latitude":47.5726,"longitude":7.6639}'::jsonb,
 'Lokalnachrichten', _seed_embedding(0, 332), false, NULL, NOW() - INTERVAL '2 days', (NOW() - INTERVAL '2 days')::date, 'scout'),
('493c6d51531c7444365b0ec094bc2d67', 'ba000000-0002-4000-a000-000000000002', 'bc000000-0002-4000-a000-000000000002',
 'Am 22. Februar 2026 wurde an der Gemeindeversammlung Bettingen das Budget 2026 mit einem Ertragsüberschuss von 120''000 Franken genehmigt.',
 'fact', ARRAY['Gemeindeversammlung Bettingen'],
 'https://www.bettingen.ch/aktuelles', 'bettingen.ch', 'Gemeinde Bettingen Aktuelles',
 '{"city":"Bettingen","state":"Basel-Stadt","country":"Schweiz","latitude":47.5726,"longitude":7.6639}'::jsonb,
 'Lokalnachrichten', _seed_embedding(0, 333), false, NULL, NOW() - INTERVAL '3 days', (NOW() - INTERVAL '3 days')::date, 'scout'),
('493c6d51531c7444365b0ec094bc2d67', 'ba000000-0002-4000-a000-000000000002', 'bc000000-0002-4000-a000-000000000002',
 'Am 21. Februar 2026 hat die Feuerwehr Bettingen ihre neue Drehleiter an der Hauptstrasse der Öffentlichkeit präsentiert.',
 'event', ARRAY['Feuerwehr Bettingen'],
 'https://www.bettingen.ch/aktuelles', 'bettingen.ch', 'Gemeinde Bettingen Aktuelles',
 '{"city":"Bettingen","state":"Basel-Stadt","country":"Schweiz","latitude":47.5726,"longitude":7.6639}'::jsonb,
 'Lokalnachrichten', _seed_embedding(0, 334), false, NULL, NOW() - INTERVAL '4 days', (NOW() - INTERVAL '4 days')::date, 'scout'),
('493c6d51531c7444365b0ec094bc2d67', 'ba000000-0002-4000-a000-000000000002', 'bc000000-0002-4000-a000-000000000002',
 'Am 20. Februar 2026 hat der Naturschutzverein Bettingen die Ergebnisse der Vogelzählung veröffentlicht: 38 Arten im Gemeindegebiet registriert.',
 'fact', ARRAY['Naturschutzverein Bettingen'],
 'https://www.bettingen.ch/aktuelles', 'bettingen.ch', 'Gemeinde Bettingen Aktuelles',
 '{"city":"Bettingen","state":"Basel-Stadt","country":"Schweiz","latitude":47.5726,"longitude":7.6639}'::jsonb,
 'Lokalnachrichten', _seed_embedding(0, 335), false, NULL, NOW() - INTERVAL '5 days', (NOW() - INTERVAL '5 days')::date, 'scout'),
('493c6d51531c7444365b0ec094bc2d67', 'ba000000-0002-4000-a000-000000000002', 'bc000000-0002-4000-a000-000000000002',
 'Am 19. Februar 2026 wurde die neue Bushaltestelle «Bettingen Kirche» der BVB-Linie 35 mit Wartehäuschen in Betrieb genommen.',
 'event', ARRAY['BVB', 'Linie 35'],
 'https://www.bettingen.ch/aktuelles', 'bettingen.ch', 'Gemeinde Bettingen Aktuelles',
 '{"city":"Bettingen","state":"Basel-Stadt","country":"Schweiz","latitude":47.5726,"longitude":7.6639}'::jsonb,
 'Lokalnachrichten', _seed_embedding(0, 336), false, NULL, NOW() - INTERVAL '6 days', (NOW() - INTERVAL '6 days')::date, 'scout'),
('493c6d51531c7444365b0ec094bc2d67', 'ba000000-0002-4000-a000-000000000002', 'bc000000-0002-4000-a000-000000000002',
 'Am 18. Februar 2026 hat die Primarschule Bettingen den Elternabend zum Thema «Medienkompetenz im Kindesalter» mit 60 Teilnehmenden durchgeführt.',
 'event', ARRAY['Primarschule Bettingen'],
 'https://www.bettingen.ch/aktuelles', 'bettingen.ch', 'Gemeinde Bettingen Aktuelles',
 '{"city":"Bettingen","state":"Basel-Stadt","country":"Schweiz","latitude":47.5726,"longitude":7.6639}'::jsonb,
 'Lokalnachrichten', _seed_embedding(0, 337), false, NULL, NOW() - INTERVAL '7 days', (NOW() - INTERVAL '7 days')::date, 'scout'),
('493c6d51531c7444365b0ec094bc2d67', 'ba000000-0002-4000-a000-000000000002', 'bc000000-0002-4000-a000-000000000002',
 'Am 17. Februar 2026 hat der Gemeinderat Bettingen die Sanierung der Wasserleitung an der Grenzacherstrasse für 890''000 Franken bewilligt.',
 'fact', ARRAY['Gemeinderat Bettingen', 'Grenzacherstrasse'],
 'https://www.bettingen.ch/aktuelles', 'bettingen.ch', 'Gemeinde Bettingen Aktuelles',
 '{"city":"Bettingen","state":"Basel-Stadt","country":"Schweiz","latitude":47.5726,"longitude":7.6639}'::jsonb,
 'Lokalnachrichten', _seed_embedding(0, 338), false, NULL, NOW() - INTERVAL '8 days', (NOW() - INTERVAL '8 days')::date, 'scout'),
('493c6d51531c7444365b0ec094bc2d67', 'ba000000-0002-4000-a000-000000000002', 'bc000000-0002-4000-a000-000000000002',
 'Am 16. Februar 2026 hat der Landfrauenverein Bettingen sein 75-jähriges Jubiläum mit einem Festakt im Gemeindesaal gefeiert.',
 'event', ARRAY['Landfrauenverein Bettingen'],
 'https://www.bettingen.ch/aktuelles', 'bettingen.ch', 'Gemeinde Bettingen Aktuelles',
 '{"city":"Bettingen","state":"Basel-Stadt","country":"Schweiz","latitude":47.5726,"longitude":7.6639}'::jsonb,
 'Lokalnachrichten', _seed_embedding(0, 339), false, NULL, NOW() - INTERVAL '9 days', (NOW() - INTERVAL '9 days')::date, 'scout'),
('493c6d51531c7444365b0ec094bc2d67', 'ba000000-0002-4000-a000-000000000002', 'bc000000-0002-4000-a000-000000000002',
 'Am 14. Februar 2026 hat die Chrischona-Gemeinde Bettingen den neuen Wanderweg zum Aussichtspunkt mit Infotafeln zur Geologie eröffnet.',
 'event', ARRAY['Chrischona-Gemeinde'],
 'https://www.bettingen.ch/aktuelles', 'bettingen.ch', 'Gemeinde Bettingen Aktuelles',
 '{"city":"Bettingen","state":"Basel-Stadt","country":"Schweiz","latitude":47.5726,"longitude":7.6639}'::jsonb,
 'Lokalnachrichten', _seed_embedding(0, 340), false, NULL, NOW() - INTERVAL '11 days', (NOW() - INTERVAL '11 days')::date, 'scout'),
('493c6d51531c7444365b0ec094bc2d67', 'ba000000-0002-4000-a000-000000000002', 'bc000000-0002-4000-a000-000000000002',
 'Am 13. Februar 2026 hat die Einwohnergemeinde Bettingen die neue Gemeindewebsite mit Online-Schalter aufgeschaltet.',
 'entity_update', ARRAY['Einwohnergemeinde Bettingen'],
 'https://www.bettingen.ch/aktuelles', 'bettingen.ch', 'Gemeinde Bettingen Aktuelles',
 '{"city":"Bettingen","state":"Basel-Stadt","country":"Schweiz","latitude":47.5726,"longitude":7.6639}'::jsonb,
 'Lokalnachrichten', _seed_embedding(0, 341), false, NULL, NOW() - INTERVAL '12 days', (NOW() - INTERVAL '12 days')::date, 'scout'),
('493c6d51531c7444365b0ec094bc2d67', 'ba000000-0002-4000-a000-000000000002', 'bc000000-0002-4000-a000-000000000002',
 'Am 12. Februar 2026 hat der Sportverein Bettingen die Tennisplätze am Kirchweg nach der Winterpause wiedereröffnet.',
 'event', ARRAY['Sportverein Bettingen'],
 'https://www.bettingen.ch/aktuelles', 'bettingen.ch', 'Gemeinde Bettingen Aktuelles',
 '{"city":"Bettingen","state":"Basel-Stadt","country":"Schweiz","latitude":47.5726,"longitude":7.6639}'::jsonb,
 'Lokalnachrichten', _seed_embedding(0, 342), false, NULL, NOW() - INTERVAL '13 days', (NOW() - INTERVAL '13 days')::date, 'scout'),
('493c6d51531c7444365b0ec094bc2d67', 'ba000000-0002-4000-a000-000000000002', 'bc000000-0002-4000-a000-000000000002',
 'Am 11. Februar 2026 hat das Forstamt Basel-Stadt im Bettinger Wald mit der Bekämpfung des Borkenkäferbefalls auf 12 Hektaren begonnen.',
 'fact', ARRAY['Forstamt Basel-Stadt'],
 'https://www.bettingen.ch/aktuelles', 'bettingen.ch', 'Gemeinde Bettingen Aktuelles',
 '{"city":"Bettingen","state":"Basel-Stadt","country":"Schweiz","latitude":47.5726,"longitude":7.6639}'::jsonb,
 'Lokalnachrichten', _seed_embedding(0, 343), false, NULL, NOW() - INTERVAL '14 days', (NOW() - INTERVAL '14 days')::date, 'scout'),
('493c6d51531c7444365b0ec094bc2d67', 'ba000000-0002-4000-a000-000000000002', 'bc000000-0002-4000-a000-000000000002',
 'Am 8. Februar 2026 hat der Gemeinderat Bettingen den Beitritt zum regionalen Abwasserverband ProRheno bestätigt.',
 'fact', ARRAY['Gemeinderat Bettingen', 'ProRheno'],
 'https://www.bettingen.ch/aktuelles', 'bettingen.ch', 'Gemeinde Bettingen Aktuelles',
 '{"city":"Bettingen","state":"Basel-Stadt","country":"Schweiz","latitude":47.5726,"longitude":7.6639}'::jsonb,
 'Lokalnachrichten', _seed_embedding(0, 344), false, NULL, NOW() - INTERVAL '17 days', (NOW() - INTERVAL '17 days')::date, 'scout'),
('493c6d51531c7444365b0ec094bc2d67', 'ba000000-0002-4000-a000-000000000002', 'bc000000-0002-4000-a000-000000000002',
 'Am 6. Februar 2026 hat die Musikgesellschaft Bettingen ihr Jahreskonzert im Saal des Restaurants Waldhaus mit 120 Gästen gegeben.',
 'event', ARRAY['Musikgesellschaft Bettingen', 'Restaurant Waldhaus'],
 'https://www.bettingen.ch/aktuelles', 'bettingen.ch', 'Gemeinde Bettingen Aktuelles',
 '{"city":"Bettingen","state":"Basel-Stadt","country":"Schweiz","latitude":47.5726,"longitude":7.6639}'::jsonb,
 'Lokalnachrichten', _seed_embedding(0, 345), false, NULL, NOW() - INTERVAL '19 days', (NOW() - INTERVAL '19 days')::date, 'scout'),
('493c6d51531c7444365b0ec094bc2d67', 'ba000000-0002-4000-a000-000000000002', 'bc000000-0002-4000-a000-000000000002',
 'Am 4. Februar 2026 wurde die Strassenbeleuchtung an der Chrischonastrasse auf LED-Technik umgerüstet.',
 'entity_update', ARRAY['Chrischonastrasse'],
 'https://www.bettingen.ch/aktuelles', 'bettingen.ch', 'Gemeinde Bettingen Aktuelles',
 '{"city":"Bettingen","state":"Basel-Stadt","country":"Schweiz","latitude":47.5726,"longitude":7.6639}'::jsonb,
 'Lokalnachrichten', _seed_embedding(0, 346), false, NULL, NOW() - INTERVAL '21 days', (NOW() - INTERVAL '21 days')::date, 'scout'),
('493c6d51531c7444365b0ec094bc2d67', 'ba000000-0002-4000-a000-000000000002', 'bc000000-0002-4000-a000-000000000002',
 'Am 3. Februar 2026 hat die Spielgruppe Bettingen ihr neues Angebot «Waldmorgen» für Kinder ab 3 Jahren lanciert.',
 'event', ARRAY['Spielgruppe Bettingen'],
 'https://www.bettingen.ch/aktuelles', 'bettingen.ch', 'Gemeinde Bettingen Aktuelles',
 '{"city":"Bettingen","state":"Basel-Stadt","country":"Schweiz","latitude":47.5726,"longitude":7.6639}'::jsonb,
 'Lokalnachrichten', _seed_embedding(0, 347), false, NULL, NOW() - INTERVAL '22 days', (NOW() - INTERVAL '22 days')::date, 'scout'),
('493c6d51531c7444365b0ec094bc2d67', 'ba000000-0002-4000-a000-000000000002', 'bc000000-0002-4000-a000-000000000002',
 'Am 1. Februar 2026 hat die Gemeinde Bettingen die Bevölkerungsstatistik 2025 publiziert: 1''280 Einwohnerinnen und Einwohner.',
 'fact', ARRAY['Gemeinde Bettingen'],
 'https://www.bettingen.ch/aktuelles', 'bettingen.ch', 'Gemeinde Bettingen Aktuelles',
 '{"city":"Bettingen","state":"Basel-Stadt","country":"Schweiz","latitude":47.5726,"longitude":7.6639}'::jsonb,
 'Lokalnachrichten', _seed_embedding(0, 348), false, NULL, NOW() - INTERVAL '24 days', (NOW() - INTERVAL '24 days')::date, 'scout'),
('493c6d51531c7444365b0ec094bc2d67', 'ba000000-0002-4000-a000-000000000002', 'bc000000-0002-4000-a000-000000000002',
 'Am 30. Januar 2026 hat der Verschönerungsverein Bettingen neue Sitzbänke beim Dorfbrunnen aufgestellt.',
 'event', ARRAY['Verschönerungsverein Bettingen'],
 'https://www.bettingen.ch/aktuelles', 'bettingen.ch', 'Gemeinde Bettingen Aktuelles',
 '{"city":"Bettingen","state":"Basel-Stadt","country":"Schweiz","latitude":47.5726,"longitude":7.6639}'::jsonb,
 'Lokalnachrichten', _seed_embedding(0, 349), false, NULL, NOW() - INTERVAL '26 days', (NOW() - INTERVAL '26 days')::date, 'scout'),
('493c6d51531c7444365b0ec094bc2d67', 'ba000000-0002-4000-a000-000000000002', 'bc000000-0002-4000-a000-000000000002',
 'Am 29. Januar 2026 hat der Kindergarten Bettingen den Anmeldestart für das Schuljahr 2026/27 bekanntgegeben.',
 'entity_update', ARRAY['Kindergarten Bettingen'],
 'https://www.bettingen.ch/aktuelles', 'bettingen.ch', 'Gemeinde Bettingen Aktuelles',
 '{"city":"Bettingen","state":"Basel-Stadt","country":"Schweiz","latitude":47.5726,"longitude":7.6639}'::jsonb,
 'Lokalnachrichten', _seed_embedding(0, 350), false, NULL, NOW() - INTERVAL '27 days', (NOW() - INTERVAL '27 days')::date, 'scout'),
('493c6d51531c7444365b0ec094bc2d67', 'ba000000-0002-4000-a000-000000000002', 'bc000000-0002-4000-a000-000000000002',
 'Am 28. Januar 2026 hat die Gemeinde Bettingen den Winterdienst-Bericht vorgelegt: 14 Einsätze und 22 Tonnen Streusalz seit November.',
 'fact', ARRAY['Gemeinde Bettingen'],
 'https://www.bettingen.ch/aktuelles', 'bettingen.ch', 'Gemeinde Bettingen Aktuelles',
 '{"city":"Bettingen","state":"Basel-Stadt","country":"Schweiz","latitude":47.5726,"longitude":7.6639}'::jsonb,
 'Lokalnachrichten', _seed_embedding(0, 351), false, NULL, NOW() - INTERVAL '28 days', (NOW() - INTERVAL '28 days')::date, 'scout'),
('493c6d51531c7444365b0ec094bc2d67', 'ba000000-0002-4000-a000-000000000002', 'bc000000-0002-4000-a000-000000000002',
 'Am 27. Januar 2026 hat der Gemeinderat Bettingen die Machbarkeitsstudie für eine Solaranlage auf dem Gemeindehaus in Auftrag gegeben.',
 'entity_update', ARRAY['Gemeinderat Bettingen'],
 'https://www.bettingen.ch/aktuelles', 'bettingen.ch', 'Gemeinde Bettingen Aktuelles',
 '{"city":"Bettingen","state":"Basel-Stadt","country":"Schweiz","latitude":47.5726,"longitude":7.6639}'::jsonb,
 'Lokalnachrichten', _seed_embedding(0, 352), false, NULL, NOW() - INTERVAL '29 days', (NOW() - INTERVAL '29 days')::date, 'scout');

-- ========== ALLSCHWIL (27 units, topic 1) ==========

INSERT INTO information_units (user_id, scout_id, execution_id, statement, unit_type, entities, source_url, source_domain, source_title, location, topic, embedding, used_in_article, used_at, created_at, event_date, source_type) VALUES
('493c6d51531c7444365b0ec094bc2d67', 'ba000000-0003-4000-a000-000000000003', 'bc000000-0003-4000-a000-000000000003',
 'Am 24. Februar 2026 hat der Gemeinderat Allschwil den Gestaltungsplan für das Bachgraben-Areal mit 800 neuen Wohnungen genehmigt.',
 'fact', ARRAY['Gemeinderat Allschwil', 'Bachgraben'],
 'https://www.allschwil.ch/aktuelles', 'allschwil.ch', 'Gemeinde Allschwil Aktuelles',
 '{"city":"Allschwil","state":"Basel-Landschaft","country":"Schweiz","latitude":47.5508,"longitude":7.5362}'::jsonb,
 'Lokalnachrichten', _seed_embedding(1, 301), false, NULL, NOW() - INTERVAL '1 day', (NOW() - INTERVAL '1 day')::date, 'scout'),
('493c6d51531c7444365b0ec094bc2d67', 'ba000000-0003-4000-a000-000000000003', 'bc000000-0003-4000-a000-000000000003',
 'Am 23. Februar 2026 hat der Turnverein Allschwil sein 150-jähriges Jubiläum mit einem Festakt in der Mehrzweckhalle Gartenhof gefeiert.',
 'event', ARRAY['Turnverein Allschwil', 'Mehrzweckhalle Gartenhof'],
 'https://www.allschwil.ch/aktuelles', 'allschwil.ch', 'Gemeinde Allschwil Aktuelles',
 '{"city":"Allschwil","state":"Basel-Landschaft","country":"Schweiz","latitude":47.5508,"longitude":7.5362}'::jsonb,
 'Lokalnachrichten', _seed_embedding(1, 302), false, NULL, NOW() - INTERVAL '2 days', (NOW() - INTERVAL '2 days')::date, 'scout'),
('493c6d51531c7444365b0ec094bc2d67', 'ba000000-0003-4000-a000-000000000003', 'bc000000-0003-4000-a000-000000000003',
 'Am 22. Februar 2026 wurde bekannt, dass die Tram-Linie 3 der BLT ab Dezember 2026 bis zum Bachgraben-Campus verlängert wird.',
 'fact', ARRAY['BLT', 'Tram 3', 'Bachgraben'],
 'https://www.allschwil.ch/aktuelles', 'allschwil.ch', 'Gemeinde Allschwil Aktuelles',
 '{"city":"Allschwil","state":"Basel-Landschaft","country":"Schweiz","latitude":47.5508,"longitude":7.5362}'::jsonb,
 'Lokalnachrichten', _seed_embedding(1, 303), false, NULL, NOW() - INTERVAL '3 days', (NOW() - INTERVAL '3 days')::date, 'scout'),
('493c6d51531c7444365b0ec094bc2d67', 'ba000000-0003-4000-a000-000000000003', 'bc000000-0003-4000-a000-000000000003',
 'Am 21. Februar 2026 hat der Schulrat Allschwil den Lehrermangel an der Primarschule Neuallschwil als «besorgniserregend» bezeichnet: Drei Stellen sind unbesetzt.',
 'fact', ARRAY['Schulrat Allschwil', 'Primarschule Neuallschwil'],
 'https://www.allschwil.ch/aktuelles', 'allschwil.ch', 'Gemeinde Allschwil Aktuelles',
 '{"city":"Allschwil","state":"Basel-Landschaft","country":"Schweiz","latitude":47.5508,"longitude":7.5362}'::jsonb,
 'Lokalnachrichten', _seed_embedding(1, 304), false, NULL, NOW() - INTERVAL '4 days', (NOW() - INTERVAL '4 days')::date, 'scout'),
('493c6d51531c7444365b0ec094bc2d67', 'ba000000-0003-4000-a000-000000000003', 'bc000000-0003-4000-a000-000000000003',
 'Am 20. Februar 2026 hat die Pharma-Firma Actelion am Standort Allschwil 50 neue Arbeitsplätze in der Forschungsabteilung geschaffen.',
 'fact', ARRAY['Actelion', 'Allschwil'],
 'https://www.allschwil.ch/aktuelles', 'allschwil.ch', 'Gemeinde Allschwil Aktuelles',
 '{"city":"Allschwil","state":"Basel-Landschaft","country":"Schweiz","latitude":47.5508,"longitude":7.5362}'::jsonb,
 'Lokalnachrichten', _seed_embedding(1, 305), false, NULL, NOW() - INTERVAL '5 days', (NOW() - INTERVAL '5 days')::date, 'scout'),
('493c6d51531c7444365b0ec094bc2d67', 'ba000000-0003-4000-a000-000000000003', 'bc000000-0003-4000-a000-000000000003',
 'Am 19. Februar 2026 hat die Allschwiler Fasnachtsgesellschaft das Programm für die Fasnacht 2026 mit Cortège und Laternenausstellung vorgestellt.',
 'event', ARRAY['Fasnachtsgesellschaft Allschwil'],
 'https://www.allschwil.ch/aktuelles', 'allschwil.ch', 'Gemeinde Allschwil Aktuelles',
 '{"city":"Allschwil","state":"Basel-Landschaft","country":"Schweiz","latitude":47.5508,"longitude":7.5362}'::jsonb,
 'Lokalnachrichten', _seed_embedding(1, 306), false, NULL, NOW() - INTERVAL '6 days', (NOW() - INTERVAL '6 days')::date, 'scout'),
('493c6d51531c7444365b0ec094bc2d67', 'ba000000-0003-4000-a000-000000000003', 'bc000000-0003-4000-a000-000000000003',
 'Am 18. Februar 2026 hat die Gemeindebibliothek Allschwil ihr neues Angebot an E-Books und Hörbüchern über die Plattform Overdrive lanciert.',
 'entity_update', ARRAY['Gemeindebibliothek Allschwil'],
 'https://www.allschwil.ch/aktuelles', 'allschwil.ch', 'Gemeinde Allschwil Aktuelles',
 '{"city":"Allschwil","state":"Basel-Landschaft","country":"Schweiz","latitude":47.5508,"longitude":7.5362}'::jsonb,
 'Lokalnachrichten', _seed_embedding(1, 307), false, NULL, NOW() - INTERVAL '7 days', (NOW() - INTERVAL '7 days')::date, 'scout'),
('493c6d51531c7444365b0ec094bc2d67', 'ba000000-0003-4000-a000-000000000003', 'bc000000-0003-4000-a000-000000000003',
 'Am 17. Februar 2026 hat der Gemeinderat Allschwil die Tempo-30-Zone auf dem Hegenheimermattweg eingeführt.',
 'fact', ARRAY['Gemeinderat Allschwil', 'Hegenheimermattweg'],
 'https://www.allschwil.ch/aktuelles', 'allschwil.ch', 'Gemeinde Allschwil Aktuelles',
 '{"city":"Allschwil","state":"Basel-Landschaft","country":"Schweiz","latitude":47.5508,"longitude":7.5362}'::jsonb,
 'Lokalnachrichten', _seed_embedding(1, 308), false, NULL, NOW() - INTERVAL '8 days', (NOW() - INTERVAL '8 days')::date, 'scout'),
('493c6d51531c7444365b0ec094bc2d67', 'ba000000-0003-4000-a000-000000000003', 'bc000000-0003-4000-a000-000000000003',
 'Am 16. Februar 2026 hat der Elternrat der Sekundarschule Allschwil eine Petition für bessere Veloabstellplätze eingereicht.',
 'event', ARRAY['Sekundarschule Allschwil'],
 'https://www.allschwil.ch/aktuelles', 'allschwil.ch', 'Gemeinde Allschwil Aktuelles',
 '{"city":"Allschwil","state":"Basel-Landschaft","country":"Schweiz","latitude":47.5508,"longitude":7.5362}'::jsonb,
 'Lokalnachrichten', _seed_embedding(1, 309), false, NULL, NOW() - INTERVAL '9 days', (NOW() - INTERVAL '9 days')::date, 'scout'),
('493c6d51531c7444365b0ec094bc2d67', 'ba000000-0003-4000-a000-000000000003', 'bc000000-0003-4000-a000-000000000003',
 'Am 15. Februar 2026 hat das Restaurant Mühle in Allschwil wegen Personalengpass vorübergehend geschlossen.',
 'event', ARRAY['Restaurant Mühle'],
 'https://www.allschwil.ch/aktuelles', 'allschwil.ch', 'Gemeinde Allschwil Aktuelles',
 '{"city":"Allschwil","state":"Basel-Landschaft","country":"Schweiz","latitude":47.5508,"longitude":7.5362}'::jsonb,
 'Lokalnachrichten', _seed_embedding(1, 310), false, NULL, NOW() - INTERVAL '10 days', (NOW() - INTERVAL '10 days')::date, 'scout'),
('493c6d51531c7444365b0ec094bc2d67', 'ba000000-0003-4000-a000-000000000003', 'bc000000-0003-4000-a000-000000000003',
 'Am 14. Februar 2026 wurde der neue Veloweg zwischen Allschwil und Schönenbuch offiziell eingeweiht.',
 'event', ARRAY['Allschwil', 'Schönenbuch'],
 'https://www.allschwil.ch/aktuelles', 'allschwil.ch', 'Gemeinde Allschwil Aktuelles',
 '{"city":"Allschwil","state":"Basel-Landschaft","country":"Schweiz","latitude":47.5508,"longitude":7.5362}'::jsonb,
 'Lokalnachrichten', _seed_embedding(1, 311), false, NULL, NOW() - INTERVAL '11 days', (NOW() - INTERVAL '11 days')::date, 'scout'),
('493c6d51531c7444365b0ec094bc2d67', 'ba000000-0003-4000-a000-000000000003', 'bc000000-0003-4000-a000-000000000003',
 'Am 13. Februar 2026 hat der Einwohnerrat Allschwil den Kredit von 2,5 Millionen Franken für den Neubau des Kindergartens Spitzwald gutgeheissen.',
 'fact', ARRAY['Einwohnerrat Allschwil', 'Kindergarten Spitzwald'],
 'https://www.allschwil.ch/aktuelles', 'allschwil.ch', 'Gemeinde Allschwil Aktuelles',
 '{"city":"Allschwil","state":"Basel-Landschaft","country":"Schweiz","latitude":47.5508,"longitude":7.5362}'::jsonb,
 'Lokalnachrichten', _seed_embedding(1, 312), false, NULL, NOW() - INTERVAL '12 days', (NOW() - INTERVAL '12 days')::date, 'scout'),
('493c6d51531c7444365b0ec094bc2d67', 'ba000000-0003-4000-a000-000000000003', 'bc000000-0003-4000-a000-000000000003',
 'Am 12. Februar 2026 hat die Ludothek Allschwil 35 neue Gesellschaftsspiele in den Bestand aufgenommen.',
 'entity_update', ARRAY['Ludothek Allschwil'],
 'https://www.allschwil.ch/aktuelles', 'allschwil.ch', 'Gemeinde Allschwil Aktuelles',
 '{"city":"Allschwil","state":"Basel-Landschaft","country":"Schweiz","latitude":47.5508,"longitude":7.5362}'::jsonb,
 'Lokalnachrichten', _seed_embedding(1, 313), false, NULL, NOW() - INTERVAL '13 days', (NOW() - INTERVAL '13 days')::date, 'scout'),
('493c6d51531c7444365b0ec094bc2d67', 'ba000000-0003-4000-a000-000000000003', 'bc000000-0003-4000-a000-000000000003',
 'Am 11. Februar 2026 hat die Jugendarbeit Allschwil den neuen Jugendtreff im Untergeschoss des Gemeindezentrums eröffnet.',
 'event', ARRAY['Jugendarbeit Allschwil'],
 'https://www.allschwil.ch/aktuelles', 'allschwil.ch', 'Gemeinde Allschwil Aktuelles',
 '{"city":"Allschwil","state":"Basel-Landschaft","country":"Schweiz","latitude":47.5508,"longitude":7.5362}'::jsonb,
 'Lokalnachrichten', _seed_embedding(1, 314), false, NULL, NOW() - INTERVAL '14 days', (NOW() - INTERVAL '14 days')::date, 'scout'),
('493c6d51531c7444365b0ec094bc2d67', 'ba000000-0003-4000-a000-000000000003', 'bc000000-0003-4000-a000-000000000003',
 'Am 9. Februar 2026 hat der Gewerbeverein Allschwil den Sonntagsverkauf für den 15. März angekündigt.',
 'event', ARRAY['Gewerbeverein Allschwil'],
 'https://www.allschwil.ch/aktuelles', 'allschwil.ch', 'Gemeinde Allschwil Aktuelles',
 '{"city":"Allschwil","state":"Basel-Landschaft","country":"Schweiz","latitude":47.5508,"longitude":7.5362}'::jsonb,
 'Lokalnachrichten', _seed_embedding(1, 315), false, NULL, NOW() - INTERVAL '16 days', (NOW() - INTERVAL '16 days')::date, 'scout'),
('493c6d51531c7444365b0ec094bc2d67', 'ba000000-0003-4000-a000-000000000003', 'bc000000-0003-4000-a000-000000000003',
 'Am 7. Februar 2026 hat der Gemeinderat Allschwil die Erweiterung der Abwasserreinigungsanlage für 6,8 Millionen Franken beschlossen.',
 'fact', ARRAY['Gemeinderat Allschwil'],
 'https://www.allschwil.ch/aktuelles', 'allschwil.ch', 'Gemeinde Allschwil Aktuelles',
 '{"city":"Allschwil","state":"Basel-Landschaft","country":"Schweiz","latitude":47.5508,"longitude":7.5362}'::jsonb,
 'Lokalnachrichten', _seed_embedding(1, 316), false, NULL, NOW() - INTERVAL '18 days', (NOW() - INTERVAL '18 days')::date, 'scout'),
('493c6d51531c7444365b0ec094bc2d67', 'ba000000-0003-4000-a000-000000000003', 'bc000000-0003-4000-a000-000000000003',
 'Am 5. Februar 2026 hat die Freiwillige Feuerwehr Allschwil 12 neue Mitglieder am Kaderrapport begrüsst.',
 'entity_update', ARRAY['Feuerwehr Allschwil'],
 'https://www.allschwil.ch/aktuelles', 'allschwil.ch', 'Gemeinde Allschwil Aktuelles',
 '{"city":"Allschwil","state":"Basel-Landschaft","country":"Schweiz","latitude":47.5508,"longitude":7.5362}'::jsonb,
 'Lokalnachrichten', _seed_embedding(1, 317), false, NULL, NOW() - INTERVAL '20 days', (NOW() - INTERVAL '20 days')::date, 'scout'),
('493c6d51531c7444365b0ec094bc2d67', 'ba000000-0003-4000-a000-000000000003', 'bc000000-0003-4000-a000-000000000003',
 'Am 3. Februar 2026 hat das Altersheim Auf der Mauer in Allschwil ein neues Demenz-Betreuungsangebot eingeführt.',
 'entity_update', ARRAY['Altersheim Auf der Mauer'],
 'https://www.allschwil.ch/aktuelles', 'allschwil.ch', 'Gemeinde Allschwil Aktuelles',
 '{"city":"Allschwil","state":"Basel-Landschaft","country":"Schweiz","latitude":47.5508,"longitude":7.5362}'::jsonb,
 'Lokalnachrichten', _seed_embedding(1, 318), false, NULL, NOW() - INTERVAL '22 days', (NOW() - INTERVAL '22 days')::date, 'scout'),
('493c6d51531c7444365b0ec094bc2d67', 'ba000000-0003-4000-a000-000000000003', 'bc000000-0003-4000-a000-000000000003',
 'Am 2. Februar 2026 wurde der Allschwiler Wochenmarkt auf dem Dorfplatz um einen Bio-Gemüsestand erweitert.',
 'event', ARRAY['Wochenmarkt Allschwil'],
 'https://www.allschwil.ch/aktuelles', 'allschwil.ch', 'Gemeinde Allschwil Aktuelles',
 '{"city":"Allschwil","state":"Basel-Landschaft","country":"Schweiz","latitude":47.5508,"longitude":7.5362}'::jsonb,
 'Lokalnachrichten', _seed_embedding(1, 319), false, NULL, NOW() - INTERVAL '23 days', (NOW() - INTERVAL '23 days')::date, 'scout'),
('493c6d51531c7444365b0ec094bc2d67', 'ba000000-0003-4000-a000-000000000003', 'bc000000-0003-4000-a000-000000000003',
 'Am 1. Februar 2026 hat die Einwohnergemeinde Allschwil die Rechnung 2025 mit einem Überschuss von 3,2 Millionen Franken abgeschlossen.',
 'fact', ARRAY['Einwohnergemeinde Allschwil'],
 'https://www.allschwil.ch/aktuelles', 'allschwil.ch', 'Gemeinde Allschwil Aktuelles',
 '{"city":"Allschwil","state":"Basel-Landschaft","country":"Schweiz","latitude":47.5508,"longitude":7.5362}'::jsonb,
 'Lokalnachrichten', _seed_embedding(1, 320), false, NULL, NOW() - INTERVAL '24 days', (NOW() - INTERVAL '24 days')::date, 'scout'),
('493c6d51531c7444365b0ec094bc2d67', 'ba000000-0003-4000-a000-000000000003', 'bc000000-0003-4000-a000-000000000003',
 'Am 30. Januar 2026 hat der Vogelschutzverein Allschwil 15 neue Nistkästen im Allschwiler Wald aufgehängt.',
 'event', ARRAY['Vogelschutzverein Allschwil'],
 'https://www.allschwil.ch/aktuelles', 'allschwil.ch', 'Gemeinde Allschwil Aktuelles',
 '{"city":"Allschwil","state":"Basel-Landschaft","country":"Schweiz","latitude":47.5508,"longitude":7.5362}'::jsonb,
 'Lokalnachrichten', _seed_embedding(1, 321), false, NULL, NOW() - INTERVAL '26 days', (NOW() - INTERVAL '26 days')::date, 'scout'),
('493c6d51531c7444365b0ec094bc2d67', 'ba000000-0003-4000-a000-000000000003', 'bc000000-0003-4000-a000-000000000003',
 'Am 29. Januar 2026 hat die Gemeindeverwaltung Allschwil die Öffnungszeiten des Einwohnerdienstes auf Montag bis Freitag 8–16 Uhr vereinheitlicht.',
 'entity_update', ARRAY['Gemeindeverwaltung Allschwil'],
 'https://www.allschwil.ch/aktuelles', 'allschwil.ch', 'Gemeinde Allschwil Aktuelles',
 '{"city":"Allschwil","state":"Basel-Landschaft","country":"Schweiz","latitude":47.5508,"longitude":7.5362}'::jsonb,
 'Lokalnachrichten', _seed_embedding(1, 322), false, NULL, NOW() - INTERVAL '27 days', (NOW() - INTERVAL '27 days')::date, 'scout'),
('493c6d51531c7444365b0ec094bc2d67', 'ba000000-0003-4000-a000-000000000003', 'bc000000-0003-4000-a000-000000000003',
 'Am 28. Januar 2026 hat der Sportclub Allschwil die Renovation der Garderoben auf der Sportanlage Im Brüel abgeschlossen.',
 'event', ARRAY['Sportclub Allschwil', 'Sportanlage Im Brüel'],
 'https://www.allschwil.ch/aktuelles', 'allschwil.ch', 'Gemeinde Allschwil Aktuelles',
 '{"city":"Allschwil","state":"Basel-Landschaft","country":"Schweiz","latitude":47.5508,"longitude":7.5362}'::jsonb,
 'Lokalnachrichten', _seed_embedding(1, 323), false, NULL, NOW() - INTERVAL '28 days', (NOW() - INTERVAL '28 days')::date, 'scout');

-- ========== BINNINGEN (26 units, topic 1) ==========

INSERT INTO information_units (user_id, scout_id, execution_id, statement, unit_type, entities, source_url, source_domain, source_title, location, topic, embedding, used_in_article, used_at, created_at, event_date, source_type) VALUES
('493c6d51531c7444365b0ec094bc2d67', 'ba000000-0004-4000-a000-000000000004', 'bc000000-0004-4000-a000-000000000004',
 'Am 24. Februar 2026 hat der Gemeinderat Binningen die Neugestaltung des Kronenplatzes mit Brunnenanlage und Sitzgelegenheiten beschlossen.',
 'fact', ARRAY['Gemeinderat Binningen', 'Kronenplatz'],
 'https://www.binningen.ch/aktuelles', 'binningen.ch', 'Gemeinde Binningen Aktuelles',
 '{"city":"Binningen","state":"Basel-Landschaft","country":"Schweiz","latitude":47.5407,"longitude":7.5695}'::jsonb,
 'Lokalnachrichten', _seed_embedding(1, 331), false, NULL, NOW() - INTERVAL '1 day', (NOW() - INTERVAL '1 day')::date, 'scout'),
('493c6d51531c7444365b0ec094bc2d67', 'ba000000-0004-4000-a000-000000000004', 'bc000000-0004-4000-a000-000000000004',
 'Am 23. Februar 2026 hat das Schloss Binningen das Programm der Sommerkonzerte 2026 mit acht Abendveranstaltungen veröffentlicht.',
 'event', ARRAY['Schloss Binningen'],
 'https://www.binningen.ch/aktuelles', 'binningen.ch', 'Gemeinde Binningen Aktuelles',
 '{"city":"Binningen","state":"Basel-Landschaft","country":"Schweiz","latitude":47.5407,"longitude":7.5695}'::jsonb,
 'Lokalnachrichten', _seed_embedding(1, 332), false, NULL, NOW() - INTERVAL '2 days', (NOW() - INTERVAL '2 days')::date, 'scout'),
('493c6d51531c7444365b0ec094bc2d67', 'ba000000-0004-4000-a000-000000000004', 'bc000000-0004-4000-a000-000000000004',
 'Am 22. Februar 2026 hat die BLT den neuen Fahrplan der Tramlinie 10 mit zusätzlichen Abendkursen zwischen Binningen und Basel SBB vorgestellt.',
 'fact', ARRAY['BLT', 'Tramlinie 10'],
 'https://www.binningen.ch/aktuelles', 'binningen.ch', 'Gemeinde Binningen Aktuelles',
 '{"city":"Binningen","state":"Basel-Landschaft","country":"Schweiz","latitude":47.5407,"longitude":7.5695}'::jsonb,
 'Lokalnachrichten', _seed_embedding(1, 333), false, NULL, NOW() - INTERVAL '3 days', (NOW() - INTERVAL '3 days')::date, 'scout'),
('493c6d51531c7444365b0ec094bc2d67', 'ba000000-0004-4000-a000-000000000004', 'bc000000-0004-4000-a000-000000000004',
 'Am 21. Februar 2026 wurde die neue Bäckerei «Kornkammer» an der Hauptstrasse 42 in Binningen eröffnet.',
 'event', ARRAY['Bäckerei Kornkammer', 'Hauptstrasse'],
 'https://www.binningen.ch/aktuelles', 'binningen.ch', 'Gemeinde Binningen Aktuelles',
 '{"city":"Binningen","state":"Basel-Landschaft","country":"Schweiz","latitude":47.5407,"longitude":7.5695}'::jsonb,
 'Lokalnachrichten', _seed_embedding(1, 334), false, NULL, NOW() - INTERVAL '4 days', (NOW() - INTERVAL '4 days')::date, 'scout'),
('493c6d51531c7444365b0ec094bc2d67', 'ba000000-0004-4000-a000-000000000004', 'bc000000-0004-4000-a000-000000000004',
 'Am 20. Februar 2026 hat der Einwohnerrat Binningen die Einführung einer Hundesteuer von 150 Franken pro Jahr abgelehnt.',
 'event', ARRAY['Einwohnerrat Binningen'],
 'https://www.binningen.ch/aktuelles', 'binningen.ch', 'Gemeinde Binningen Aktuelles',
 '{"city":"Binningen","state":"Basel-Landschaft","country":"Schweiz","latitude":47.5407,"longitude":7.5695}'::jsonb,
 'Lokalnachrichten', _seed_embedding(1, 335), false, NULL, NOW() - INTERVAL '5 days', (NOW() - INTERVAL '5 days')::date, 'scout'),
('493c6d51531c7444365b0ec094bc2d67', 'ba000000-0004-4000-a000-000000000004', 'bc000000-0004-4000-a000-000000000004',
 'Am 19. Februar 2026 hat die Primarschule Margarethen Binningen einen Robotik-Workshop für 80 Kinder der 5. und 6. Klasse durchgeführt.',
 'event', ARRAY['Primarschule Margarethen'],
 'https://www.binningen.ch/aktuelles', 'binningen.ch', 'Gemeinde Binningen Aktuelles',
 '{"city":"Binningen","state":"Basel-Landschaft","country":"Schweiz","latitude":47.5407,"longitude":7.5695}'::jsonb,
 'Lokalnachrichten', _seed_embedding(1, 336), false, NULL, NOW() - INTERVAL '6 days', (NOW() - INTERVAL '6 days')::date, 'scout'),
('493c6d51531c7444365b0ec094bc2d67', 'ba000000-0004-4000-a000-000000000004', 'bc000000-0004-4000-a000-000000000004',
 'Am 18. Februar 2026 hat der Quartierverein Binningen-Süd die Petition für einen Fussgängerstreifen an der Bottmingerstrasse eingereicht.',
 'event', ARRAY['Quartierverein Binningen-Süd', 'Bottmingerstrasse'],
 'https://www.binningen.ch/aktuelles', 'binningen.ch', 'Gemeinde Binningen Aktuelles',
 '{"city":"Binningen","state":"Basel-Landschaft","country":"Schweiz","latitude":47.5407,"longitude":7.5695}'::jsonb,
 'Lokalnachrichten', _seed_embedding(1, 337), false, NULL, NOW() - INTERVAL '7 days', (NOW() - INTERVAL '7 days')::date, 'scout'),
('493c6d51531c7444365b0ec094bc2d67', 'ba000000-0004-4000-a000-000000000004', 'bc000000-0004-4000-a000-000000000004',
 'Am 17. Februar 2026 hat die Gemeinde Binningen den Jahresbericht der Sozialhilfe veröffentlicht: 185 unterstützte Haushalte im Jahr 2025.',
 'fact', ARRAY['Gemeinde Binningen'],
 'https://www.binningen.ch/aktuelles', 'binningen.ch', 'Gemeinde Binningen Aktuelles',
 '{"city":"Binningen","state":"Basel-Landschaft","country":"Schweiz","latitude":47.5407,"longitude":7.5695}'::jsonb,
 'Lokalnachrichten', _seed_embedding(1, 338), false, NULL, NOW() - INTERVAL '8 days', (NOW() - INTERVAL '8 days')::date, 'scout'),
('493c6d51531c7444365b0ec094bc2d67', 'ba000000-0004-4000-a000-000000000004', 'bc000000-0004-4000-a000-000000000004',
 'Am 16. Februar 2026 hat der Schwimmclub Binningen beim regionalen Nachwuchswettkampf in Liestal fünf Medaillen gewonnen.',
 'event', ARRAY['Schwimmclub Binningen'],
 'https://www.binningen.ch/aktuelles', 'binningen.ch', 'Gemeinde Binningen Aktuelles',
 '{"city":"Binningen","state":"Basel-Landschaft","country":"Schweiz","latitude":47.5407,"longitude":7.5695}'::jsonb,
 'Lokalnachrichten', _seed_embedding(1, 339), false, NULL, NOW() - INTERVAL '9 days', (NOW() - INTERVAL '9 days')::date, 'scout'),
('493c6d51531c7444365b0ec094bc2d67', 'ba000000-0004-4000-a000-000000000004', 'bc000000-0004-4000-a000-000000000004',
 'Am 14. Februar 2026 hat die Werkhof-Mannschaft Binningen die Instandsetzung des Spielplatzes am Dorenbach abgeschlossen.',
 'event', ARRAY['Werkhof Binningen', 'Dorenbach'],
 'https://www.binningen.ch/aktuelles', 'binningen.ch', 'Gemeinde Binningen Aktuelles',
 '{"city":"Binningen","state":"Basel-Landschaft","country":"Schweiz","latitude":47.5407,"longitude":7.5695}'::jsonb,
 'Lokalnachrichten', _seed_embedding(1, 340), false, NULL, NOW() - INTERVAL '11 days', (NOW() - INTERVAL '11 days')::date, 'scout'),
('493c6d51531c7444365b0ec094bc2d67', 'ba000000-0004-4000-a000-000000000004', 'bc000000-0004-4000-a000-000000000004',
 'Am 13. Februar 2026 hat der Gemeinderat Binningen den Bau einer neuen E-Bike-Ladestation beim Bahnhof Binningen bewilligt.',
 'fact', ARRAY['Gemeinderat Binningen'],
 'https://www.binningen.ch/aktuelles', 'binningen.ch', 'Gemeinde Binningen Aktuelles',
 '{"city":"Binningen","state":"Basel-Landschaft","country":"Schweiz","latitude":47.5407,"longitude":7.5695}'::jsonb,
 'Lokalnachrichten', _seed_embedding(1, 341), false, NULL, NOW() - INTERVAL '12 days', (NOW() - INTERVAL '12 days')::date, 'scout'),
('493c6d51531c7444365b0ec094bc2d67', 'ba000000-0004-4000-a000-000000000004', 'bc000000-0004-4000-a000-000000000004',
 'Am 12. Februar 2026 hat die Musikschule Binningen-Bottmingen den Tag der offenen Tür mit Instrumenten-Karussell veranstaltet.',
 'event', ARRAY['Musikschule Binningen-Bottmingen'],
 'https://www.binningen.ch/aktuelles', 'binningen.ch', 'Gemeinde Binningen Aktuelles',
 '{"city":"Binningen","state":"Basel-Landschaft","country":"Schweiz","latitude":47.5407,"longitude":7.5695}'::jsonb,
 'Lokalnachrichten', _seed_embedding(1, 342), false, NULL, NOW() - INTERVAL '13 days', (NOW() - INTERVAL '13 days')::date, 'scout'),
('493c6d51531c7444365b0ec094bc2d67', 'ba000000-0004-4000-a000-000000000004', 'bc000000-0004-4000-a000-000000000004',
 'Am 11. Februar 2026 hat die Spitex Binningen-Bottmingen ihre Kapazität um 15 Prozent erhöht und drei neue Pflegefachpersonen eingestellt.',
 'entity_update', ARRAY['Spitex Binningen-Bottmingen'],
 'https://www.binningen.ch/aktuelles', 'binningen.ch', 'Gemeinde Binningen Aktuelles',
 '{"city":"Binningen","state":"Basel-Landschaft","country":"Schweiz","latitude":47.5407,"longitude":7.5695}'::jsonb,
 'Lokalnachrichten', _seed_embedding(1, 343), false, NULL, NOW() - INTERVAL '14 days', (NOW() - INTERVAL '14 days')::date, 'scout'),
('493c6d51531c7444365b0ec094bc2d67', 'ba000000-0004-4000-a000-000000000004', 'bc000000-0004-4000-a000-000000000004',
 'Am 8. Februar 2026 hat die Gemeinde Binningen das Konzept für die Umgestaltung des Holleeareals als Naherholungszone vorgestellt.',
 'entity_update', ARRAY['Gemeinde Binningen', 'Holleeareal'],
 'https://www.binningen.ch/aktuelles', 'binningen.ch', 'Gemeinde Binningen Aktuelles',
 '{"city":"Binningen","state":"Basel-Landschaft","country":"Schweiz","latitude":47.5407,"longitude":7.5695}'::jsonb,
 'Lokalnachrichten', _seed_embedding(1, 344), false, NULL, NOW() - INTERVAL '17 days', (NOW() - INTERVAL '17 days')::date, 'scout'),
('493c6d51531c7444365b0ec094bc2d67', 'ba000000-0004-4000-a000-000000000004', 'bc000000-0004-4000-a000-000000000004',
 'Am 6. Februar 2026 hat die Coop-Filiale Binningen Dorf nach dem Umbau mit erweitertem Bio-Sortiment wiedereröffnet.',
 'event', ARRAY['Coop Binningen'],
 'https://www.binningen.ch/aktuelles', 'binningen.ch', 'Gemeinde Binningen Aktuelles',
 '{"city":"Binningen","state":"Basel-Landschaft","country":"Schweiz","latitude":47.5407,"longitude":7.5695}'::jsonb,
 'Lokalnachrichten', _seed_embedding(1, 345), false, NULL, NOW() - INTERVAL '19 days', (NOW() - INTERVAL '19 days')::date, 'scout'),
('493c6d51531c7444365b0ec094bc2d67', 'ba000000-0004-4000-a000-000000000004', 'bc000000-0004-4000-a000-000000000004',
 'Am 4. Februar 2026 hat der Veloclub Binningen die Saison 2026 mit einer Ausfahrt nach Aesch und zurück eröffnet.',
 'event', ARRAY['Veloclub Binningen'],
 'https://www.binningen.ch/aktuelles', 'binningen.ch', 'Gemeinde Binningen Aktuelles',
 '{"city":"Binningen","state":"Basel-Landschaft","country":"Schweiz","latitude":47.5407,"longitude":7.5695}'::jsonb,
 'Lokalnachrichten', _seed_embedding(1, 346), false, NULL, NOW() - INTERVAL '21 days', (NOW() - INTERVAL '21 days')::date, 'scout'),
('493c6d51531c7444365b0ec094bc2d67', 'ba000000-0004-4000-a000-000000000004', 'bc000000-0004-4000-a000-000000000004',
 'Am 3. Februar 2026 hat der Gemeinderat Binningen die Steuerfusserhöhung von 56 auf 58 Prozent beantragt.',
 'fact', ARRAY['Gemeinderat Binningen'],
 'https://www.binningen.ch/aktuelles', 'binningen.ch', 'Gemeinde Binningen Aktuelles',
 '{"city":"Binningen","state":"Basel-Landschaft","country":"Schweiz","latitude":47.5407,"longitude":7.5695}'::jsonb,
 'Lokalnachrichten', _seed_embedding(1, 347), false, NULL, NOW() - INTERVAL '22 days', (NOW() - INTERVAL '22 days')::date, 'scout'),
('493c6d51531c7444365b0ec094bc2d67', 'ba000000-0004-4000-a000-000000000004', 'bc000000-0004-4000-a000-000000000004',
 'Am 1. Februar 2026 wurde der neue Defibrillator am Bahnhof Binningen in Betrieb genommen.',
 'entity_update', ARRAY['Bahnhof Binningen'],
 'https://www.binningen.ch/aktuelles', 'binningen.ch', 'Gemeinde Binningen Aktuelles',
 '{"city":"Binningen","state":"Basel-Landschaft","country":"Schweiz","latitude":47.5407,"longitude":7.5695}'::jsonb,
 'Lokalnachrichten', _seed_embedding(1, 348), false, NULL, NOW() - INTERVAL '24 days', (NOW() - INTERVAL '24 days')::date, 'scout'),
('493c6d51531c7444365b0ec094bc2d67', 'ba000000-0004-4000-a000-000000000004', 'bc000000-0004-4000-a000-000000000004',
 'Am 30. Januar 2026 hat die Einwohnergemeinde Binningen den neuen Abfallkalender 2026 mit zusätzlichen Grüngut-Sammeltagen verteilt.',
 'entity_update', ARRAY['Einwohnergemeinde Binningen'],
 'https://www.binningen.ch/aktuelles', 'binningen.ch', 'Gemeinde Binningen Aktuelles',
 '{"city":"Binningen","state":"Basel-Landschaft","country":"Schweiz","latitude":47.5407,"longitude":7.5695}'::jsonb,
 'Lokalnachrichten', _seed_embedding(1, 349), false, NULL, NOW() - INTERVAL '26 days', (NOW() - INTERVAL '26 days')::date, 'scout'),
('493c6d51531c7444365b0ec094bc2d67', 'ba000000-0004-4000-a000-000000000004', 'bc000000-0004-4000-a000-000000000004',
 'Am 29. Januar 2026 hat die Bürgergemeinde Binningen die Verpachtung des Rebbergs am Schlosshügel für weitere zehn Jahre verlängert.',
 'fact', ARRAY['Bürgergemeinde Binningen'],
 'https://www.binningen.ch/aktuelles', 'binningen.ch', 'Gemeinde Binningen Aktuelles',
 '{"city":"Binningen","state":"Basel-Landschaft","country":"Schweiz","latitude":47.5407,"longitude":7.5695}'::jsonb,
 'Lokalnachrichten', _seed_embedding(1, 350), false, NULL, NOW() - INTERVAL '27 days', (NOW() - INTERVAL '27 days')::date, 'scout'),
('493c6d51531c7444365b0ec094bc2d67', 'ba000000-0004-4000-a000-000000000004', 'bc000000-0004-4000-a000-000000000004',
 'Am 28. Januar 2026 hat die Pfadi Binningen ihr Winterlager im Berner Oberland mit 45 Teilnehmenden erfolgreich abgeschlossen.',
 'event', ARRAY['Pfadi Binningen'],
 'https://www.binningen.ch/aktuelles', 'binningen.ch', 'Gemeinde Binningen Aktuelles',
 '{"city":"Binningen","state":"Basel-Landschaft","country":"Schweiz","latitude":47.5407,"longitude":7.5695}'::jsonb,
 'Lokalnachrichten', _seed_embedding(1, 351), false, NULL, NOW() - INTERVAL '28 days', (NOW() - INTERVAL '28 days')::date, 'scout'),
('493c6d51531c7444365b0ec094bc2d67', 'ba000000-0004-4000-a000-000000000004', 'bc000000-0004-4000-a000-000000000004',
 'Am 27. Januar 2026 hat die Gemeindebibliothek Binningen ihr 50-jähriges Bestehen mit einer Lesung von Pedro Lenz gefeiert.',
 'event', ARRAY['Gemeindebibliothek Binningen', 'Pedro Lenz'],
 'https://www.binningen.ch/aktuelles', 'binningen.ch', 'Gemeinde Binningen Aktuelles',
 '{"city":"Binningen","state":"Basel-Landschaft","country":"Schweiz","latitude":47.5407,"longitude":7.5695}'::jsonb,
 'Lokalnachrichten', _seed_embedding(1, 352), false, NULL, NOW() - INTERVAL '29 days', (NOW() - INTERVAL '29 days')::date, 'scout');

-- ========== ARLESHEIM (25 units, topic 2) ==========

INSERT INTO information_units (user_id, scout_id, execution_id, statement, unit_type, entities, source_url, source_domain, source_title, location, topic, embedding, used_in_article, used_at, created_at, event_date, source_type) VALUES
('493c6d51531c7444365b0ec094bc2d67', 'ba000000-0005-4000-a000-000000000005', 'bc000000-0005-4000-a000-000000000005',
 'Am 24. Februar 2026 hat die Kirchgemeinde Arlesheim das Programm der Orgelkonzerte im Dom für die Frühjahrssaison veröffentlicht.',
 'event', ARRAY['Kirchgemeinde Arlesheim', 'Dom Arlesheim'],
 'https://www.arlesheim.ch/aktuelles', 'arlesheim.ch', 'Gemeinde Arlesheim Aktuelles',
 '{"city":"Arlesheim","state":"Basel-Landschaft","country":"Schweiz","latitude":47.4949,"longitude":7.6207}'::jsonb,
 'Lokalnachrichten', _seed_embedding(2, 301), false, NULL, NOW() - INTERVAL '1 day', (NOW() - INTERVAL '1 day')::date, 'scout'),
('493c6d51531c7444365b0ec094bc2d67', 'ba000000-0005-4000-a000-000000000005', 'bc000000-0005-4000-a000-000000000005',
 'Am 23. Februar 2026 hat der Gemeinderat Arlesheim den Beginn der Sanierungsarbeiten an der Ermitage-Grotte für April 2026 angekündigt.',
 'fact', ARRAY['Gemeinderat Arlesheim', 'Ermitage'],
 'https://www.arlesheim.ch/aktuelles', 'arlesheim.ch', 'Gemeinde Arlesheim Aktuelles',
 '{"city":"Arlesheim","state":"Basel-Landschaft","country":"Schweiz","latitude":47.4949,"longitude":7.6207}'::jsonb,
 'Lokalnachrichten', _seed_embedding(2, 302), false, NULL, NOW() - INTERVAL '2 days', (NOW() - INTERVAL '2 days')::date, 'scout'),
('493c6d51531c7444365b0ec094bc2d67', 'ba000000-0005-4000-a000-000000000005', 'bc000000-0005-4000-a000-000000000005',
 'Am 22. Februar 2026 hat der Einwohnerrat Arlesheim die Tempo-30-Zone im gesamten Dorfkern mit 28 zu 7 Stimmen angenommen.',
 'fact', ARRAY['Einwohnerrat Arlesheim'],
 'https://www.arlesheim.ch/aktuelles', 'arlesheim.ch', 'Gemeinde Arlesheim Aktuelles',
 '{"city":"Arlesheim","state":"Basel-Landschaft","country":"Schweiz","latitude":47.4949,"longitude":7.6207}'::jsonb,
 'Lokalnachrichten', _seed_embedding(2, 303), false, NULL, NOW() - INTERVAL '3 days', (NOW() - INTERVAL '3 days')::date, 'scout'),
('493c6d51531c7444365b0ec094bc2d67', 'ba000000-0005-4000-a000-000000000005', 'bc000000-0005-4000-a000-000000000005',
 'Am 21. Februar 2026 hat die Primarschule Arlesheim den Neubau des Schulpavillons an der Stollenrain-Strasse eingeweiht.',
 'event', ARRAY['Primarschule Arlesheim', 'Stollenrain'],
 'https://www.arlesheim.ch/aktuelles', 'arlesheim.ch', 'Gemeinde Arlesheim Aktuelles',
 '{"city":"Arlesheim","state":"Basel-Landschaft","country":"Schweiz","latitude":47.4949,"longitude":7.6207}'::jsonb,
 'Lokalnachrichten', _seed_embedding(2, 304), false, NULL, NOW() - INTERVAL '4 days', (NOW() - INTERVAL '4 days')::date, 'scout'),
('493c6d51531c7444365b0ec094bc2d67', 'ba000000-0005-4000-a000-000000000005', 'bc000000-0005-4000-a000-000000000005',
 'Am 20. Februar 2026 hat die Klinik Arlesheim ihr erweitertes ambulantes Angebot für Komplementärmedizin vorgestellt.',
 'entity_update', ARRAY['Klinik Arlesheim'],
 'https://www.arlesheim.ch/aktuelles', 'arlesheim.ch', 'Gemeinde Arlesheim Aktuelles',
 '{"city":"Arlesheim","state":"Basel-Landschaft","country":"Schweiz","latitude":47.4949,"longitude":7.6207}'::jsonb,
 'Lokalnachrichten', _seed_embedding(2, 305), false, NULL, NOW() - INTERVAL '5 days', (NOW() - INTERVAL '5 days')::date, 'scout'),
('493c6d51531c7444365b0ec094bc2d67', 'ba000000-0005-4000-a000-000000000005', 'bc000000-0005-4000-a000-000000000005',
 'Am 19. Februar 2026 hat der Verkehrsverein Arlesheim die neue Wanderkarte «Rund um die Ermitage» herausgegeben.',
 'event', ARRAY['Verkehrsverein Arlesheim', 'Ermitage'],
 'https://www.arlesheim.ch/aktuelles', 'arlesheim.ch', 'Gemeinde Arlesheim Aktuelles',
 '{"city":"Arlesheim","state":"Basel-Landschaft","country":"Schweiz","latitude":47.4949,"longitude":7.6207}'::jsonb,
 'Lokalnachrichten', _seed_embedding(2, 306), false, NULL, NOW() - INTERVAL '6 days', (NOW() - INTERVAL '6 days')::date, 'scout'),
('493c6d51531c7444365b0ec094bc2d67', 'ba000000-0005-4000-a000-000000000005', 'bc000000-0005-4000-a000-000000000005',
 'Am 18. Februar 2026 wurde die Domplatz-Beiz in Arlesheim nach der Winterpause mit neuer Speisekarte wiedereröffnet.',
 'event', ARRAY['Domplatz-Beiz'],
 'https://www.arlesheim.ch/aktuelles', 'arlesheim.ch', 'Gemeinde Arlesheim Aktuelles',
 '{"city":"Arlesheim","state":"Basel-Landschaft","country":"Schweiz","latitude":47.4949,"longitude":7.6207}'::jsonb,
 'Lokalnachrichten', _seed_embedding(2, 307), false, NULL, NOW() - INTERVAL '7 days', (NOW() - INTERVAL '7 days')::date, 'scout'),
('493c6d51531c7444365b0ec094bc2d67', 'ba000000-0005-4000-a000-000000000005', 'bc000000-0005-4000-a000-000000000005',
 'Am 17. Februar 2026 hat die Bürgergemeinde Arlesheim den Zustand des Gemeindewäldchens als «gut» bewertet und Pflegemassnahmen beschlossen.',
 'fact', ARRAY['Bürgergemeinde Arlesheim'],
 'https://www.arlesheim.ch/aktuelles', 'arlesheim.ch', 'Gemeinde Arlesheim Aktuelles',
 '{"city":"Arlesheim","state":"Basel-Landschaft","country":"Schweiz","latitude":47.4949,"longitude":7.6207}'::jsonb,
 'Lokalnachrichten', _seed_embedding(2, 308), false, NULL, NOW() - INTERVAL '8 days', (NOW() - INTERVAL '8 days')::date, 'scout'),
('493c6d51531c7444365b0ec094bc2d67', 'ba000000-0005-4000-a000-000000000005', 'bc000000-0005-4000-a000-000000000005',
 'Am 16. Februar 2026 hat der FC Arlesheim beim Derby gegen den FC Münchenstein unentschieden 2:2 gespielt.',
 'event', ARRAY['FC Arlesheim', 'FC Münchenstein'],
 'https://www.arlesheim.ch/aktuelles', 'arlesheim.ch', 'Gemeinde Arlesheim Aktuelles',
 '{"city":"Arlesheim","state":"Basel-Landschaft","country":"Schweiz","latitude":47.4949,"longitude":7.6207}'::jsonb,
 'Lokalnachrichten', _seed_embedding(2, 309), false, NULL, NOW() - INTERVAL '9 days', (NOW() - INTERVAL '9 days')::date, 'scout'),
('493c6d51531c7444365b0ec094bc2d67', 'ba000000-0005-4000-a000-000000000005', 'bc000000-0005-4000-a000-000000000005',
 'Am 14. Februar 2026 hat der Gemeinderat Arlesheim die Machbarkeitsstudie für ein Fernwärmenetz im Dorfkern in Auftrag gegeben.',
 'entity_update', ARRAY['Gemeinderat Arlesheim'],
 'https://www.arlesheim.ch/aktuelles', 'arlesheim.ch', 'Gemeinde Arlesheim Aktuelles',
 '{"city":"Arlesheim","state":"Basel-Landschaft","country":"Schweiz","latitude":47.4949,"longitude":7.6207}'::jsonb,
 'Lokalnachrichten', _seed_embedding(2, 310), false, NULL, NOW() - INTERVAL '11 days', (NOW() - INTERVAL '11 days')::date, 'scout'),
('493c6d51531c7444365b0ec094bc2d67', 'ba000000-0005-4000-a000-000000000005', 'bc000000-0005-4000-a000-000000000005',
 'Am 13. Februar 2026 hat der Frauenverein Arlesheim den Erlös von 8''200 Franken aus dem Adventsmarkt 2025 an das Rote Kreuz Baselland übergeben.',
 'fact', ARRAY['Frauenverein Arlesheim', 'Rotes Kreuz Baselland'],
 'https://www.arlesheim.ch/aktuelles', 'arlesheim.ch', 'Gemeinde Arlesheim Aktuelles',
 '{"city":"Arlesheim","state":"Basel-Landschaft","country":"Schweiz","latitude":47.4949,"longitude":7.6207}'::jsonb,
 'Lokalnachrichten', _seed_embedding(2, 311), false, NULL, NOW() - INTERVAL '12 days', (NOW() - INTERVAL '12 days')::date, 'scout'),
('493c6d51531c7444365b0ec094bc2d67', 'ba000000-0005-4000-a000-000000000005', 'bc000000-0005-4000-a000-000000000005',
 'Am 12. Februar 2026 hat die Rudolf-Steiner-Schule Birseck in Arlesheim den Tag der offenen Tür mit 300 Besuchern durchgeführt.',
 'event', ARRAY['Rudolf-Steiner-Schule Birseck'],
 'https://www.arlesheim.ch/aktuelles', 'arlesheim.ch', 'Gemeinde Arlesheim Aktuelles',
 '{"city":"Arlesheim","state":"Basel-Landschaft","country":"Schweiz","latitude":47.4949,"longitude":7.6207}'::jsonb,
 'Lokalnachrichten', _seed_embedding(2, 312), false, NULL, NOW() - INTERVAL '13 days', (NOW() - INTERVAL '13 days')::date, 'scout'),
('493c6d51531c7444365b0ec094bc2d67', 'ba000000-0005-4000-a000-000000000005', 'bc000000-0005-4000-a000-000000000005',
 'Am 11. Februar 2026 hat die Gemeindeverwaltung Arlesheim die Online-Terminvereinbarung für den Einwohnerdienst eingeführt.',
 'entity_update', ARRAY['Gemeindeverwaltung Arlesheim'],
 'https://www.arlesheim.ch/aktuelles', 'arlesheim.ch', 'Gemeinde Arlesheim Aktuelles',
 '{"city":"Arlesheim","state":"Basel-Landschaft","country":"Schweiz","latitude":47.4949,"longitude":7.6207}'::jsonb,
 'Lokalnachrichten', _seed_embedding(2, 313), false, NULL, NOW() - INTERVAL '14 days', (NOW() - INTERVAL '14 days')::date, 'scout'),
('493c6d51531c7444365b0ec094bc2d67', 'ba000000-0005-4000-a000-000000000005', 'bc000000-0005-4000-a000-000000000005',
 'Am 9. Februar 2026 hat die Stiftung Ermitage Arlesheim den Jahresbericht 2025 vorgestellt: 95''000 Besucher im Gartenpark.',
 'fact', ARRAY['Stiftung Ermitage'],
 'https://www.arlesheim.ch/aktuelles', 'arlesheim.ch', 'Gemeinde Arlesheim Aktuelles',
 '{"city":"Arlesheim","state":"Basel-Landschaft","country":"Schweiz","latitude":47.4949,"longitude":7.6207}'::jsonb,
 'Lokalnachrichten', _seed_embedding(2, 314), false, NULL, NOW() - INTERVAL '16 days', (NOW() - INTERVAL '16 days')::date, 'scout'),
('493c6d51531c7444365b0ec094bc2d67', 'ba000000-0005-4000-a000-000000000005', 'bc000000-0005-4000-a000-000000000005',
 'Am 7. Februar 2026 hat der Gemeinderat Arlesheim die Sanierung der Birsbrücke an der Aeussere Klus für 1,9 Millionen Franken bewilligt.',
 'fact', ARRAY['Gemeinderat Arlesheim', 'Birsbrücke'],
 'https://www.arlesheim.ch/aktuelles', 'arlesheim.ch', 'Gemeinde Arlesheim Aktuelles',
 '{"city":"Arlesheim","state":"Basel-Landschaft","country":"Schweiz","latitude":47.4949,"longitude":7.6207}'::jsonb,
 'Lokalnachrichten', _seed_embedding(2, 315), false, NULL, NOW() - INTERVAL '18 days', (NOW() - INTERVAL '18 days')::date, 'scout'),
('493c6d51531c7444365b0ec094bc2d67', 'ba000000-0005-4000-a000-000000000005', 'bc000000-0005-4000-a000-000000000005',
 'Am 5. Februar 2026 hat das Altersheim Arlesheim den Ausbau der Demenzabteilung mit 8 zusätzlichen Plätzen abgeschlossen.',
 'entity_update', ARRAY['Altersheim Arlesheim'],
 'https://www.arlesheim.ch/aktuelles', 'arlesheim.ch', 'Gemeinde Arlesheim Aktuelles',
 '{"city":"Arlesheim","state":"Basel-Landschaft","country":"Schweiz","latitude":47.4949,"longitude":7.6207}'::jsonb,
 'Lokalnachrichten', _seed_embedding(2, 316), false, NULL, NOW() - INTERVAL '20 days', (NOW() - INTERVAL '20 days')::date, 'scout'),
('493c6d51531c7444365b0ec094bc2d67', 'ba000000-0005-4000-a000-000000000005', 'bc000000-0005-4000-a000-000000000005',
 'Am 3. Februar 2026 hat der Dorfverein Arlesheim die neue Dorfzeitung «Arlesheimer Bote» lanciert.',
 'event', ARRAY['Dorfverein Arlesheim'],
 'https://www.arlesheim.ch/aktuelles', 'arlesheim.ch', 'Gemeinde Arlesheim Aktuelles',
 '{"city":"Arlesheim","state":"Basel-Landschaft","country":"Schweiz","latitude":47.4949,"longitude":7.6207}'::jsonb,
 'Lokalnachrichten', _seed_embedding(2, 317), false, NULL, NOW() - INTERVAL '22 days', (NOW() - INTERVAL '22 days')::date, 'scout'),
('493c6d51531c7444365b0ec094bc2d67', 'ba000000-0005-4000-a000-000000000005', 'bc000000-0005-4000-a000-000000000005',
 'Am 2. Februar 2026 hat die Musikschule Arlesheim 12 Schülerinnen und Schüler am regionalen Jugendmusikwettbewerb in Liestal angemeldet.',
 'event', ARRAY['Musikschule Arlesheim'],
 'https://www.arlesheim.ch/aktuelles', 'arlesheim.ch', 'Gemeinde Arlesheim Aktuelles',
 '{"city":"Arlesheim","state":"Basel-Landschaft","country":"Schweiz","latitude":47.4949,"longitude":7.6207}'::jsonb,
 'Lokalnachrichten', _seed_embedding(2, 318), false, NULL, NOW() - INTERVAL '23 days', (NOW() - INTERVAL '23 days')::date, 'scout'),
('493c6d51531c7444365b0ec094bc2d67', 'ba000000-0005-4000-a000-000000000005', 'bc000000-0005-4000-a000-000000000005',
 'Am 1. Februar 2026 hat der Gemeinderat Arlesheim die Einwohnerzahl per Ende 2025 bekanntgegeben: 9''450 Personen.',
 'fact', ARRAY['Gemeinderat Arlesheim'],
 'https://www.arlesheim.ch/aktuelles', 'arlesheim.ch', 'Gemeinde Arlesheim Aktuelles',
 '{"city":"Arlesheim","state":"Basel-Landschaft","country":"Schweiz","latitude":47.4949,"longitude":7.6207}'::jsonb,
 'Lokalnachrichten', _seed_embedding(2, 319), false, NULL, NOW() - INTERVAL '24 days', (NOW() - INTERVAL '24 days')::date, 'scout'),
('493c6d51531c7444365b0ec094bc2d67', 'ba000000-0005-4000-a000-000000000005', 'bc000000-0005-4000-a000-000000000005',
 'Am 30. Januar 2026 hat die BLT die Haltestelle Arlesheim Dorf barrierefrei umgebaut.',
 'entity_update', ARRAY['BLT', 'Haltestelle Arlesheim Dorf'],
 'https://www.arlesheim.ch/aktuelles', 'arlesheim.ch', 'Gemeinde Arlesheim Aktuelles',
 '{"city":"Arlesheim","state":"Basel-Landschaft","country":"Schweiz","latitude":47.4949,"longitude":7.6207}'::jsonb,
 'Lokalnachrichten', _seed_embedding(2, 320), false, NULL, NOW() - INTERVAL '26 days', (NOW() - INTERVAL '26 days')::date, 'scout'),
('493c6d51531c7444365b0ec094bc2d67', 'ba000000-0005-4000-a000-000000000005', 'bc000000-0005-4000-a000-000000000005',
 'Am 29. Januar 2026 hat der Kindergarten Gerenmatt Arlesheim einen Waldtag für alle Gruppen organisiert.',
 'event', ARRAY['Kindergarten Gerenmatt'],
 'https://www.arlesheim.ch/aktuelles', 'arlesheim.ch', 'Gemeinde Arlesheim Aktuelles',
 '{"city":"Arlesheim","state":"Basel-Landschaft","country":"Schweiz","latitude":47.4949,"longitude":7.6207}'::jsonb,
 'Lokalnachrichten', _seed_embedding(2, 321), false, NULL, NOW() - INTERVAL '27 days', (NOW() - INTERVAL '27 days')::date, 'scout'),
('493c6d51531c7444365b0ec094bc2d67', 'ba000000-0005-4000-a000-000000000005', 'bc000000-0005-4000-a000-000000000005',
 'Am 28. Januar 2026 wurde die neue Photovoltaikanlage auf dem Dach der Mehrzweckhalle Arlesheim in Betrieb genommen.',
 'fact', ARRAY['Mehrzweckhalle Arlesheim'],
 'https://www.arlesheim.ch/aktuelles', 'arlesheim.ch', 'Gemeinde Arlesheim Aktuelles',
 '{"city":"Arlesheim","state":"Basel-Landschaft","country":"Schweiz","latitude":47.4949,"longitude":7.6207}'::jsonb,
 'Lokalnachrichten', _seed_embedding(2, 322), false, NULL, NOW() - INTERVAL '28 days', (NOW() - INTERVAL '28 days')::date, 'scout');

-- ========== MUTTENZ (27 units, topic 2) ==========

INSERT INTO information_units (user_id, scout_id, execution_id, statement, unit_type, entities, source_url, source_domain, source_title, location, topic, embedding, used_in_article, used_at, created_at, event_date, source_type) VALUES
('493c6d51531c7444365b0ec094bc2d67', 'ba000000-0006-4000-a000-000000000006', 'bc000000-0006-4000-a000-000000000006',
 'Am 24. Februar 2026 hat der Gemeinderat Muttenz den Gestaltungsplan für die Polyfeld-Überbauung mit 450 Wohnungen und Gewerbeflächen genehmigt.',
 'fact', ARRAY['Gemeinderat Muttenz', 'Polyfeld'],
 'https://www.muttenz.ch/aktuelles', 'muttenz.ch', 'Gemeinde Muttenz Aktuelles',
 '{"city":"Muttenz","state":"Basel-Landschaft","country":"Schweiz","latitude":47.5225,"longitude":7.6451}'::jsonb,
 'Lokalnachrichten', _seed_embedding(2, 331), false, NULL, NOW() - INTERVAL '1 day', (NOW() - INTERVAL '1 day')::date, 'scout'),
('493c6d51531c7444365b0ec094bc2d67', 'ba000000-0006-4000-a000-000000000006', 'bc000000-0006-4000-a000-000000000006',
 'Am 23. Februar 2026 hat die FHNW am Campus Muttenz das neue Forschungslabor für erneuerbare Energien eingeweiht.',
 'event', ARRAY['FHNW', 'Campus Muttenz'],
 'https://www.muttenz.ch/aktuelles', 'muttenz.ch', 'Gemeinde Muttenz Aktuelles',
 '{"city":"Muttenz","state":"Basel-Landschaft","country":"Schweiz","latitude":47.5225,"longitude":7.6451}'::jsonb,
 'Lokalnachrichten', _seed_embedding(2, 332), false, NULL, NOW() - INTERVAL '2 days', (NOW() - INTERVAL '2 days')::date, 'scout'),
('493c6d51531c7444365b0ec094bc2d67', 'ba000000-0006-4000-a000-000000000006', 'bc000000-0006-4000-a000-000000000006',
 'Am 22. Februar 2026 wurde der Wanderweg auf den Wartenberg bei Muttenz nach der Hangrutsch-Sanierung wieder freigegeben.',
 'event', ARRAY['Wartenberg'],
 'https://www.muttenz.ch/aktuelles', 'muttenz.ch', 'Gemeinde Muttenz Aktuelles',
 '{"city":"Muttenz","state":"Basel-Landschaft","country":"Schweiz","latitude":47.5225,"longitude":7.6451}'::jsonb,
 'Lokalnachrichten', _seed_embedding(2, 333), false, NULL, NOW() - INTERVAL '3 days', (NOW() - INTERVAL '3 days')::date, 'scout'),
('493c6d51531c7444365b0ec094bc2d67', 'ba000000-0006-4000-a000-000000000006', 'bc000000-0006-4000-a000-000000000006',
 'Am 21. Februar 2026 hat der Einwohnerrat Muttenz eine Steuererhöhung von 52 auf 54 Prozent mit knapper Mehrheit beschlossen.',
 'fact', ARRAY['Einwohnerrat Muttenz'],
 'https://www.muttenz.ch/aktuelles', 'muttenz.ch', 'Gemeinde Muttenz Aktuelles',
 '{"city":"Muttenz","state":"Basel-Landschaft","country":"Schweiz","latitude":47.5225,"longitude":7.6451}'::jsonb,
 'Lokalnachrichten', _seed_embedding(2, 334), false, NULL, NOW() - INTERVAL '4 days', (NOW() - INTERVAL '4 days')::date, 'scout'),
('493c6d51531c7444365b0ec094bc2d67', 'ba000000-0006-4000-a000-000000000006', 'bc000000-0006-4000-a000-000000000006',
 'Am 20. Februar 2026 hat die Freiwillige Feuerwehr Muttenz die neue Einsatzzentrale an der Birsfelderstrasse bezogen.',
 'event', ARRAY['Feuerwehr Muttenz', 'Birsfelderstrasse'],
 'https://www.muttenz.ch/aktuelles', 'muttenz.ch', 'Gemeinde Muttenz Aktuelles',
 '{"city":"Muttenz","state":"Basel-Landschaft","country":"Schweiz","latitude":47.5225,"longitude":7.6451}'::jsonb,
 'Lokalnachrichten', _seed_embedding(2, 335), false, NULL, NOW() - INTERVAL '5 days', (NOW() - INTERVAL '5 days')::date, 'scout'),
('493c6d51531c7444365b0ec094bc2d67', 'ba000000-0006-4000-a000-000000000006', 'bc000000-0006-4000-a000-000000000006',
 'Am 19. Februar 2026 hat der SV Muttenz sein Auswärtsspiel gegen den FC Laufen mit 2:0 gewonnen und bleibt Tabellenführer.',
 'event', ARRAY['SV Muttenz', 'FC Laufen'],
 'https://www.muttenz.ch/aktuelles', 'muttenz.ch', 'Gemeinde Muttenz Aktuelles',
 '{"city":"Muttenz","state":"Basel-Landschaft","country":"Schweiz","latitude":47.5225,"longitude":7.6451}'::jsonb,
 'Lokalnachrichten', _seed_embedding(2, 336), false, NULL, NOW() - INTERVAL '6 days', (NOW() - INTERVAL '6 days')::date, 'scout'),
('493c6d51531c7444365b0ec094bc2d67', 'ba000000-0006-4000-a000-000000000006', 'bc000000-0006-4000-a000-000000000006',
 'Am 18. Februar 2026 hat der Wochenmarkt Muttenz auf dem Kirchplatz einen neuen Stand mit regionalen Käsespezialitäten erhalten.',
 'event', ARRAY['Wochenmarkt Muttenz', 'Kirchplatz'],
 'https://www.muttenz.ch/aktuelles', 'muttenz.ch', 'Gemeinde Muttenz Aktuelles',
 '{"city":"Muttenz","state":"Basel-Landschaft","country":"Schweiz","latitude":47.5225,"longitude":7.6451}'::jsonb,
 'Lokalnachrichten', _seed_embedding(2, 337), false, NULL, NOW() - INTERVAL '7 days', (NOW() - INTERVAL '7 days')::date, 'scout'),
('493c6d51531c7444365b0ec094bc2d67', 'ba000000-0006-4000-a000-000000000006', 'bc000000-0006-4000-a000-000000000006',
 'Am 17. Februar 2026 hat die Primarschule Gründen Muttenz den Elternabend zum Lehrplan 21 mit 90 Teilnehmenden durchgeführt.',
 'event', ARRAY['Primarschule Gründen'],
 'https://www.muttenz.ch/aktuelles', 'muttenz.ch', 'Gemeinde Muttenz Aktuelles',
 '{"city":"Muttenz","state":"Basel-Landschaft","country":"Schweiz","latitude":47.5225,"longitude":7.6451}'::jsonb,
 'Lokalnachrichten', _seed_embedding(2, 338), false, NULL, NOW() - INTERVAL '8 days', (NOW() - INTERVAL '8 days')::date, 'scout'),
('493c6d51531c7444365b0ec094bc2d67', 'ba000000-0006-4000-a000-000000000006', 'bc000000-0006-4000-a000-000000000006',
 'Am 16. Februar 2026 hat die Bürgergemeinde Muttenz die Rebberge am Wartenberg für die kommende Saison vorbereitet.',
 'fact', ARRAY['Bürgergemeinde Muttenz', 'Wartenberg'],
 'https://www.muttenz.ch/aktuelles', 'muttenz.ch', 'Gemeinde Muttenz Aktuelles',
 '{"city":"Muttenz","state":"Basel-Landschaft","country":"Schweiz","latitude":47.5225,"longitude":7.6451}'::jsonb,
 'Lokalnachrichten', _seed_embedding(2, 339), false, NULL, NOW() - INTERVAL '9 days', (NOW() - INTERVAL '9 days')::date, 'scout'),
('493c6d51531c7444365b0ec094bc2d67', 'ba000000-0006-4000-a000-000000000006', 'bc000000-0006-4000-a000-000000000006',
 'Am 14. Februar 2026 hat der Gemeinderat Muttenz die Erneuerung der Strassenbeleuchtung im Freidorf-Quartier beschlossen.',
 'entity_update', ARRAY['Gemeinderat Muttenz', 'Freidorf'],
 'https://www.muttenz.ch/aktuelles', 'muttenz.ch', 'Gemeinde Muttenz Aktuelles',
 '{"city":"Muttenz","state":"Basel-Landschaft","country":"Schweiz","latitude":47.5225,"longitude":7.6451}'::jsonb,
 'Lokalnachrichten', _seed_embedding(2, 340), false, NULL, NOW() - INTERVAL '11 days', (NOW() - INTERVAL '11 days')::date, 'scout'),
('493c6d51531c7444365b0ec094bc2d67', 'ba000000-0006-4000-a000-000000000006', 'bc000000-0006-4000-a000-000000000006',
 'Am 13. Februar 2026 hat die SBB die Unterführung beim Bahnhof Muttenz für Fussgänger und Velofahrer verbreitert.',
 'entity_update', ARRAY['SBB', 'Bahnhof Muttenz'],
 'https://www.muttenz.ch/aktuelles', 'muttenz.ch', 'Gemeinde Muttenz Aktuelles',
 '{"city":"Muttenz","state":"Basel-Landschaft","country":"Schweiz","latitude":47.5225,"longitude":7.6451}'::jsonb,
 'Lokalnachrichten', _seed_embedding(2, 341), false, NULL, NOW() - INTERVAL '12 days', (NOW() - INTERVAL '12 days')::date, 'scout'),
('493c6d51531c7444365b0ec094bc2d67', 'ba000000-0006-4000-a000-000000000006', 'bc000000-0006-4000-a000-000000000006',
 'Am 12. Februar 2026 hat die Ludothek Muttenz ihr 30-jähriges Bestehen mit einem Spielnachmittag gefeiert.',
 'event', ARRAY['Ludothek Muttenz'],
 'https://www.muttenz.ch/aktuelles', 'muttenz.ch', 'Gemeinde Muttenz Aktuelles',
 '{"city":"Muttenz","state":"Basel-Landschaft","country":"Schweiz","latitude":47.5225,"longitude":7.6451}'::jsonb,
 'Lokalnachrichten', _seed_embedding(2, 342), false, NULL, NOW() - INTERVAL '13 days', (NOW() - INTERVAL '13 days')::date, 'scout'),
('493c6d51531c7444365b0ec094bc2d67', 'ba000000-0006-4000-a000-000000000006', 'bc000000-0006-4000-a000-000000000006',
 'Am 11. Februar 2026 hat die Jugendarbeit Muttenz das neue Programm «Job-Coaching für Lehrstellen» gestartet.',
 'entity_update', ARRAY['Jugendarbeit Muttenz'],
 'https://www.muttenz.ch/aktuelles', 'muttenz.ch', 'Gemeinde Muttenz Aktuelles',
 '{"city":"Muttenz","state":"Basel-Landschaft","country":"Schweiz","latitude":47.5225,"longitude":7.6451}'::jsonb,
 'Lokalnachrichten', _seed_embedding(2, 343), false, NULL, NOW() - INTERVAL '14 days', (NOW() - INTERVAL '14 days')::date, 'scout'),
('493c6d51531c7444365b0ec094bc2d67', 'ba000000-0006-4000-a000-000000000006', 'bc000000-0006-4000-a000-000000000006',
 'Am 9. Februar 2026 hat der Männerchor Muttenz sein Konzert «Winterklänge» in der Reformierten Kirche mit 200 Zuhörern aufgeführt.',
 'event', ARRAY['Männerchor Muttenz'],
 'https://www.muttenz.ch/aktuelles', 'muttenz.ch', 'Gemeinde Muttenz Aktuelles',
 '{"city":"Muttenz","state":"Basel-Landschaft","country":"Schweiz","latitude":47.5225,"longitude":7.6451}'::jsonb,
 'Lokalnachrichten', _seed_embedding(2, 344), false, NULL, NOW() - INTERVAL '16 days', (NOW() - INTERVAL '16 days')::date, 'scout'),
('493c6d51531c7444365b0ec094bc2d67', 'ba000000-0006-4000-a000-000000000006', 'bc000000-0006-4000-a000-000000000006',
 'Am 7. Februar 2026 hat die Gemeinde Muttenz die Bevölkerungszahl 2025 publiziert: 18''120 Einwohnerinnen und Einwohner.',
 'fact', ARRAY['Gemeinde Muttenz'],
 'https://www.muttenz.ch/aktuelles', 'muttenz.ch', 'Gemeinde Muttenz Aktuelles',
 '{"city":"Muttenz","state":"Basel-Landschaft","country":"Schweiz","latitude":47.5225,"longitude":7.6451}'::jsonb,
 'Lokalnachrichten', _seed_embedding(2, 345), false, NULL, NOW() - INTERVAL '18 days', (NOW() - INTERVAL '18 days')::date, 'scout'),
('493c6d51531c7444365b0ec094bc2d67', 'ba000000-0006-4000-a000-000000000006', 'bc000000-0006-4000-a000-000000000006',
 'Am 5. Februar 2026 hat das Schwimmbad Muttenz die Saisonkarten 2026 mit einem Frühbucher-Rabatt von 15 Prozent lanciert.',
 'event', ARRAY['Schwimmbad Muttenz'],
 'https://www.muttenz.ch/aktuelles', 'muttenz.ch', 'Gemeinde Muttenz Aktuelles',
 '{"city":"Muttenz","state":"Basel-Landschaft","country":"Schweiz","latitude":47.5225,"longitude":7.6451}'::jsonb,
 'Lokalnachrichten', _seed_embedding(2, 346), false, NULL, NOW() - INTERVAL '20 days', (NOW() - INTERVAL '20 days')::date, 'scout'),
('493c6d51531c7444365b0ec094bc2d67', 'ba000000-0006-4000-a000-000000000006', 'bc000000-0006-4000-a000-000000000006',
 'Am 4. Februar 2026 hat der Samariterverein Muttenz den Nothilfe-Kurs für 35 Teilnehmende im Gemeindesaal durchgeführt.',
 'event', ARRAY['Samariterverein Muttenz'],
 'https://www.muttenz.ch/aktuelles', 'muttenz.ch', 'Gemeinde Muttenz Aktuelles',
 '{"city":"Muttenz","state":"Basel-Landschaft","country":"Schweiz","latitude":47.5225,"longitude":7.6451}'::jsonb,
 'Lokalnachrichten', _seed_embedding(2, 347), false, NULL, NOW() - INTERVAL '21 days', (NOW() - INTERVAL '21 days')::date, 'scout'),
('493c6d51531c7444365b0ec094bc2d67', 'ba000000-0006-4000-a000-000000000006', 'bc000000-0006-4000-a000-000000000006',
 'Am 3. Februar 2026 hat der Gemeinderat Muttenz den Ausbau der Velostation am Bahnhof auf 200 Stellplätze beschlossen.',
 'fact', ARRAY['Gemeinderat Muttenz', 'Bahnhof Muttenz'],
 'https://www.muttenz.ch/aktuelles', 'muttenz.ch', 'Gemeinde Muttenz Aktuelles',
 '{"city":"Muttenz","state":"Basel-Landschaft","country":"Schweiz","latitude":47.5225,"longitude":7.6451}'::jsonb,
 'Lokalnachrichten', _seed_embedding(2, 348), false, NULL, NOW() - INTERVAL '22 days', (NOW() - INTERVAL '22 days')::date, 'scout'),
('493c6d51531c7444365b0ec094bc2d67', 'ba000000-0006-4000-a000-000000000006', 'bc000000-0006-4000-a000-000000000006',
 'Am 1. Februar 2026 hat der Natur- und Vogelschutzverein Muttenz die Amphibien-Wanderung am Rütihard-Weiher begleitet.',
 'event', ARRAY['Vogelschutzverein Muttenz', 'Rütihard'],
 'https://www.muttenz.ch/aktuelles', 'muttenz.ch', 'Gemeinde Muttenz Aktuelles',
 '{"city":"Muttenz","state":"Basel-Landschaft","country":"Schweiz","latitude":47.5225,"longitude":7.6451}'::jsonb,
 'Lokalnachrichten', _seed_embedding(2, 349), false, NULL, NOW() - INTERVAL '24 days', (NOW() - INTERVAL '24 days')::date, 'scout'),
('493c6d51531c7444365b0ec094bc2d67', 'ba000000-0006-4000-a000-000000000006', 'bc000000-0006-4000-a000-000000000006',
 'Am 30. Januar 2026 hat die Genossenschaft Migros Basel die Modernisierung der Migros-Filiale Muttenz angekündigt.',
 'entity_update', ARRAY['Migros', 'Muttenz'],
 'https://www.muttenz.ch/aktuelles', 'muttenz.ch', 'Gemeinde Muttenz Aktuelles',
 '{"city":"Muttenz","state":"Basel-Landschaft","country":"Schweiz","latitude":47.5225,"longitude":7.6451}'::jsonb,
 'Lokalnachrichten', _seed_embedding(2, 350), false, NULL, NOW() - INTERVAL '26 days', (NOW() - INTERVAL '26 days')::date, 'scout'),
('493c6d51531c7444365b0ec094bc2d67', 'ba000000-0006-4000-a000-000000000006', 'bc000000-0006-4000-a000-000000000006',
 'Am 29. Januar 2026 hat die Gemeindeverwaltung Muttenz den neuen E-Schalter für Baugesuche aufgeschaltet.',
 'entity_update', ARRAY['Gemeindeverwaltung Muttenz'],
 'https://www.muttenz.ch/aktuelles', 'muttenz.ch', 'Gemeinde Muttenz Aktuelles',
 '{"city":"Muttenz","state":"Basel-Landschaft","country":"Schweiz","latitude":47.5225,"longitude":7.6451}'::jsonb,
 'Lokalnachrichten', _seed_embedding(2, 351), false, NULL, NOW() - INTERVAL '27 days', (NOW() - INTERVAL '27 days')::date, 'scout'),
('493c6d51531c7444365b0ec094bc2d67', 'ba000000-0006-4000-a000-000000000006', 'bc000000-0006-4000-a000-000000000006',
 'Am 28. Januar 2026 hat die Kulturkommission Muttenz das Jahresprogramm 2026 mit 18 Veranstaltungen im Gemeindesaal vorgestellt.',
 'event', ARRAY['Kulturkommission Muttenz'],
 'https://www.muttenz.ch/aktuelles', 'muttenz.ch', 'Gemeinde Muttenz Aktuelles',
 '{"city":"Muttenz","state":"Basel-Landschaft","country":"Schweiz","latitude":47.5225,"longitude":7.6451}'::jsonb,
 'Lokalnachrichten', _seed_embedding(2, 352), false, NULL, NOW() - INTERVAL '28 days', (NOW() - INTERVAL '28 days')::date, 'scout'),
('493c6d51531c7444365b0ec094bc2d67', 'ba000000-0006-4000-a000-000000000006', 'bc000000-0006-4000-a000-000000000006',
 'Am 27. Januar 2026 hat der Gemeinderat Muttenz den Vertrag mit dem neuen Recyclinghof-Betreiber unterzeichnet.',
 'fact', ARRAY['Gemeinderat Muttenz'],
 'https://www.muttenz.ch/aktuelles', 'muttenz.ch', 'Gemeinde Muttenz Aktuelles',
 '{"city":"Muttenz","state":"Basel-Landschaft","country":"Schweiz","latitude":47.5225,"longitude":7.6451}'::jsonb,
 'Lokalnachrichten', _seed_embedding(2, 353), false, NULL, NOW() - INTERVAL '29 days', (NOW() - INTERVAL '29 days')::date, 'scout');

-- ========== MÜNCHENSTEIN (26 units, topic 3) ==========

INSERT INTO information_units (user_id, scout_id, execution_id, statement, unit_type, entities, source_url, source_domain, source_title, location, topic, embedding, used_in_article, used_at, created_at, event_date, source_type) VALUES
('493c6d51531c7444365b0ec094bc2d67', 'ba000000-0007-4000-a000-000000000007', 'bc000000-0007-4000-a000-000000000007',
 'Am 24. Februar 2026 hat der Gemeinderat Münchenstein die Erweiterungspläne für den St. Jakob-Park mit zusätzlichen 5''000 Plätzen präsentiert.',
 'fact', ARRAY['Gemeinderat Münchenstein', 'St. Jakob-Park'],
 'https://www.muenchenstein.ch/aktuelles', 'muenchenstein.ch', 'Gemeinde Münchenstein Aktuelles',
 '{"city":"Münchenstein","state":"Basel-Landschaft","country":"Schweiz","latitude":47.5167,"longitude":7.6167}'::jsonb,
 'Lokalnachrichten', _seed_embedding(3, 301), false, NULL, NOW() - INTERVAL '1 day', (NOW() - INTERVAL '1 day')::date, 'scout'),
('493c6d51531c7444365b0ec094bc2d67', 'ba000000-0007-4000-a000-000000000007', 'bc000000-0007-4000-a000-000000000007',
 'Am 23. Februar 2026 hat der Dorfplatz-Markt Münchenstein die Saison mit 12 Ständen eröffnet.',
 'event', ARRAY['Dorfplatz Münchenstein'],
 'https://www.muenchenstein.ch/aktuelles', 'muenchenstein.ch', 'Gemeinde Münchenstein Aktuelles',
 '{"city":"Münchenstein","state":"Basel-Landschaft","country":"Schweiz","latitude":47.5167,"longitude":7.6167}'::jsonb,
 'Lokalnachrichten', _seed_embedding(3, 302), false, NULL, NOW() - INTERVAL '2 days', (NOW() - INTERVAL '2 days')::date, 'scout'),
('493c6d51531c7444365b0ec094bc2d67', 'ba000000-0007-4000-a000-000000000007', 'bc000000-0007-4000-a000-000000000007',
 'Am 22. Februar 2026 hat die BLT die Renovation der Haltestelle Münchenstein Dorf mit neuen Wartehäuschen abgeschlossen.',
 'entity_update', ARRAY['BLT', 'Haltestelle Münchenstein Dorf'],
 'https://www.muenchenstein.ch/aktuelles', 'muenchenstein.ch', 'Gemeinde Münchenstein Aktuelles',
 '{"city":"Münchenstein","state":"Basel-Landschaft","country":"Schweiz","latitude":47.5167,"longitude":7.6167}'::jsonb,
 'Lokalnachrichten', _seed_embedding(3, 303), false, NULL, NOW() - INTERVAL '3 days', (NOW() - INTERVAL '3 days')::date, 'scout'),
('493c6d51531c7444365b0ec094bc2d67', 'ba000000-0007-4000-a000-000000000007', 'bc000000-0007-4000-a000-000000000007',
 'Am 21. Februar 2026 hat die Sekundarschule Münchenstein den Berufsinformationstag mit 25 lokalen Unternehmen durchgeführt.',
 'event', ARRAY['Sekundarschule Münchenstein'],
 'https://www.muenchenstein.ch/aktuelles', 'muenchenstein.ch', 'Gemeinde Münchenstein Aktuelles',
 '{"city":"Münchenstein","state":"Basel-Landschaft","country":"Schweiz","latitude":47.5167,"longitude":7.6167}'::jsonb,
 'Lokalnachrichten', _seed_embedding(3, 304), false, NULL, NOW() - INTERVAL '4 days', (NOW() - INTERVAL '4 days')::date, 'scout'),
('493c6d51531c7444365b0ec094bc2d67', 'ba000000-0007-4000-a000-000000000007', 'bc000000-0007-4000-a000-000000000007',
 'Am 20. Februar 2026 hat der Einwohnerrat Münchenstein den Beitritt zur regionalen Energiegenossenschaft beschlossen.',
 'fact', ARRAY['Einwohnerrat Münchenstein'],
 'https://www.muenchenstein.ch/aktuelles', 'muenchenstein.ch', 'Gemeinde Münchenstein Aktuelles',
 '{"city":"Münchenstein","state":"Basel-Landschaft","country":"Schweiz","latitude":47.5167,"longitude":7.6167}'::jsonb,
 'Lokalnachrichten', _seed_embedding(3, 305), false, NULL, NOW() - INTERVAL '5 days', (NOW() - INTERVAL '5 days')::date, 'scout'),
('493c6d51531c7444365b0ec094bc2d67', 'ba000000-0007-4000-a000-000000000007', 'bc000000-0007-4000-a000-000000000007',
 'Am 19. Februar 2026 hat der Schwimmclub Münchenstein beim Nachwuchswettkampf in Aesch vier Podestplätze erreicht.',
 'event', ARRAY['Schwimmclub Münchenstein'],
 'https://www.muenchenstein.ch/aktuelles', 'muenchenstein.ch', 'Gemeinde Münchenstein Aktuelles',
 '{"city":"Münchenstein","state":"Basel-Landschaft","country":"Schweiz","latitude":47.5167,"longitude":7.6167}'::jsonb,
 'Lokalnachrichten', _seed_embedding(3, 306), false, NULL, NOW() - INTERVAL '6 days', (NOW() - INTERVAL '6 days')::date, 'scout'),
('493c6d51531c7444365b0ec094bc2d67', 'ba000000-0007-4000-a000-000000000007', 'bc000000-0007-4000-a000-000000000007',
 'Am 18. Februar 2026 hat die Birs bei Münchenstein nach starken Regenfällen kurzzeitig die Warnstufe erreicht.',
 'event', ARRAY['Birs'],
 'https://www.muenchenstein.ch/aktuelles', 'muenchenstein.ch', 'Gemeinde Münchenstein Aktuelles',
 '{"city":"Münchenstein","state":"Basel-Landschaft","country":"Schweiz","latitude":47.5167,"longitude":7.6167}'::jsonb,
 'Lokalnachrichten', _seed_embedding(3, 307), false, NULL, NOW() - INTERVAL '7 days', (NOW() - INTERVAL '7 days')::date, 'scout'),
('493c6d51531c7444365b0ec094bc2d67', 'ba000000-0007-4000-a000-000000000007', 'bc000000-0007-4000-a000-000000000007',
 'Am 17. Februar 2026 hat der Gemeinderat Münchenstein die Renovation des Gemeindehauses für 3,5 Millionen Franken bewilligt.',
 'fact', ARRAY['Gemeinderat Münchenstein'],
 'https://www.muenchenstein.ch/aktuelles', 'muenchenstein.ch', 'Gemeinde Münchenstein Aktuelles',
 '{"city":"Münchenstein","state":"Basel-Landschaft","country":"Schweiz","latitude":47.5167,"longitude":7.6167}'::jsonb,
 'Lokalnachrichten', _seed_embedding(3, 308), false, NULL, NOW() - INTERVAL '8 days', (NOW() - INTERVAL '8 days')::date, 'scout'),
('493c6d51531c7444365b0ec094bc2d67', 'ba000000-0007-4000-a000-000000000007', 'bc000000-0007-4000-a000-000000000007',
 'Am 16. Februar 2026 hat die Spitex Münchenstein ihr Angebot um eine Demenz-Beratung erweitert.',
 'entity_update', ARRAY['Spitex Münchenstein'],
 'https://www.muenchenstein.ch/aktuelles', 'muenchenstein.ch', 'Gemeinde Münchenstein Aktuelles',
 '{"city":"Münchenstein","state":"Basel-Landschaft","country":"Schweiz","latitude":47.5167,"longitude":7.6167}'::jsonb,
 'Lokalnachrichten', _seed_embedding(3, 309), false, NULL, NOW() - INTERVAL '9 days', (NOW() - INTERVAL '9 days')::date, 'scout'),
('493c6d51531c7444365b0ec094bc2d67', 'ba000000-0007-4000-a000-000000000007', 'bc000000-0007-4000-a000-000000000007',
 'Am 14. Februar 2026 hat die Gemeindebibliothek Münchenstein 150 neue Kinderbücher in den Bestand aufgenommen.',
 'entity_update', ARRAY['Gemeindebibliothek Münchenstein'],
 'https://www.muenchenstein.ch/aktuelles', 'muenchenstein.ch', 'Gemeinde Münchenstein Aktuelles',
 '{"city":"Münchenstein","state":"Basel-Landschaft","country":"Schweiz","latitude":47.5167,"longitude":7.6167}'::jsonb,
 'Lokalnachrichten', _seed_embedding(3, 310), false, NULL, NOW() - INTERVAL '11 days', (NOW() - INTERVAL '11 days')::date, 'scout'),
('493c6d51531c7444365b0ec094bc2d67', 'ba000000-0007-4000-a000-000000000007', 'bc000000-0007-4000-a000-000000000007',
 'Am 13. Februar 2026 hat der Gewerbeverein Münchenstein den «Lädeli-Tag» mit 30 teilnehmenden Geschäften organisiert.',
 'event', ARRAY['Gewerbeverein Münchenstein'],
 'https://www.muenchenstein.ch/aktuelles', 'muenchenstein.ch', 'Gemeinde Münchenstein Aktuelles',
 '{"city":"Münchenstein","state":"Basel-Landschaft","country":"Schweiz","latitude":47.5167,"longitude":7.6167}'::jsonb,
 'Lokalnachrichten', _seed_embedding(3, 311), false, NULL, NOW() - INTERVAL '12 days', (NOW() - INTERVAL '12 days')::date, 'scout'),
('493c6d51531c7444365b0ec094bc2d67', 'ba000000-0007-4000-a000-000000000007', 'bc000000-0007-4000-a000-000000000007',
 'Am 12. Februar 2026 hat die Primarschule Lärchen Münchenstein das Projekt «Schulhausgarten» mit Hochbeeten gestartet.',
 'event', ARRAY['Primarschule Lärchen'],
 'https://www.muenchenstein.ch/aktuelles', 'muenchenstein.ch', 'Gemeinde Münchenstein Aktuelles',
 '{"city":"Münchenstein","state":"Basel-Landschaft","country":"Schweiz","latitude":47.5167,"longitude":7.6167}'::jsonb,
 'Lokalnachrichten', _seed_embedding(3, 312), false, NULL, NOW() - INTERVAL '13 days', (NOW() - INTERVAL '13 days')::date, 'scout'),
('493c6d51531c7444365b0ec094bc2d67', 'ba000000-0007-4000-a000-000000000007', 'bc000000-0007-4000-a000-000000000007',
 'Am 11. Februar 2026 hat die Einwohnergemeinde Münchenstein die Rechnung 2025 mit einem Überschuss von 1,1 Millionen Franken abgeschlossen.',
 'fact', ARRAY['Einwohnergemeinde Münchenstein'],
 'https://www.muenchenstein.ch/aktuelles', 'muenchenstein.ch', 'Gemeinde Münchenstein Aktuelles',
 '{"city":"Münchenstein","state":"Basel-Landschaft","country":"Schweiz","latitude":47.5167,"longitude":7.6167}'::jsonb,
 'Lokalnachrichten', _seed_embedding(3, 313), false, NULL, NOW() - INTERVAL '14 days', (NOW() - INTERVAL '14 days')::date, 'scout'),
('493c6d51531c7444365b0ec094bc2d67', 'ba000000-0007-4000-a000-000000000007', 'bc000000-0007-4000-a000-000000000007',
 'Am 8. Februar 2026 hat die Pfadi Münchenstein das Jahresprogramm 2026 mit zwei Sommerlagern veröffentlicht.',
 'event', ARRAY['Pfadi Münchenstein'],
 'https://www.muenchenstein.ch/aktuelles', 'muenchenstein.ch', 'Gemeinde Münchenstein Aktuelles',
 '{"city":"Münchenstein","state":"Basel-Landschaft","country":"Schweiz","latitude":47.5167,"longitude":7.6167}'::jsonb,
 'Lokalnachrichten', _seed_embedding(3, 314), false, NULL, NOW() - INTERVAL '17 days', (NOW() - INTERVAL '17 days')::date, 'scout'),
('493c6d51531c7444365b0ec094bc2d67', 'ba000000-0007-4000-a000-000000000007', 'bc000000-0007-4000-a000-000000000007',
 'Am 6. Februar 2026 hat der Gemeinderat Münchenstein die Aufwertung des Birspark-Ufers mit neuen Fusswegen beschlossen.',
 'fact', ARRAY['Gemeinderat Münchenstein', 'Birspark'],
 'https://www.muenchenstein.ch/aktuelles', 'muenchenstein.ch', 'Gemeinde Münchenstein Aktuelles',
 '{"city":"Münchenstein","state":"Basel-Landschaft","country":"Schweiz","latitude":47.5167,"longitude":7.6167}'::jsonb,
 'Lokalnachrichten', _seed_embedding(3, 315), false, NULL, NOW() - INTERVAL '19 days', (NOW() - INTERVAL '19 days')::date, 'scout'),
('493c6d51531c7444365b0ec094bc2d67', 'ba000000-0007-4000-a000-000000000007', 'bc000000-0007-4000-a000-000000000007',
 'Am 4. Februar 2026 hat der Musikverein Münchenstein das Neujahrskonzert mit 250 Gästen im Kuspo aufgeführt.',
 'event', ARRAY['Musikverein Münchenstein', 'Kuspo'],
 'https://www.muenchenstein.ch/aktuelles', 'muenchenstein.ch', 'Gemeinde Münchenstein Aktuelles',
 '{"city":"Münchenstein","state":"Basel-Landschaft","country":"Schweiz","latitude":47.5167,"longitude":7.6167}'::jsonb,
 'Lokalnachrichten', _seed_embedding(3, 316), false, NULL, NOW() - INTERVAL '21 days', (NOW() - INTERVAL '21 days')::date, 'scout'),
('493c6d51531c7444365b0ec094bc2d67', 'ba000000-0007-4000-a000-000000000007', 'bc000000-0007-4000-a000-000000000007',
 'Am 3. Februar 2026 hat die neue Physiopraxis «Birsfit» an der Baselstrasse 85 in Münchenstein eröffnet.',
 'event', ARRAY['Birsfit', 'Baselstrasse'],
 'https://www.muenchenstein.ch/aktuelles', 'muenchenstein.ch', 'Gemeinde Münchenstein Aktuelles',
 '{"city":"Münchenstein","state":"Basel-Landschaft","country":"Schweiz","latitude":47.5167,"longitude":7.6167}'::jsonb,
 'Lokalnachrichten', _seed_embedding(3, 317), false, NULL, NOW() - INTERVAL '22 days', (NOW() - INTERVAL '22 days')::date, 'scout'),
('493c6d51531c7444365b0ec094bc2d67', 'ba000000-0007-4000-a000-000000000007', 'bc000000-0007-4000-a000-000000000007',
 'Am 1. Februar 2026 hat die Gemeinde Münchenstein die neue Tempo-30-Signalisation in der Lärchenstrasse installiert.',
 'entity_update', ARRAY['Gemeinde Münchenstein', 'Lärchenstrasse'],
 'https://www.muenchenstein.ch/aktuelles', 'muenchenstein.ch', 'Gemeinde Münchenstein Aktuelles',
 '{"city":"Münchenstein","state":"Basel-Landschaft","country":"Schweiz","latitude":47.5167,"longitude":7.6167}'::jsonb,
 'Lokalnachrichten', _seed_embedding(3, 318), false, NULL, NOW() - INTERVAL '24 days', (NOW() - INTERVAL '24 days')::date, 'scout'),
('493c6d51531c7444365b0ec094bc2d67', 'ba000000-0007-4000-a000-000000000007', 'bc000000-0007-4000-a000-000000000007',
 'Am 30. Januar 2026 hat der Kindergarten Bruckfeld Münchenstein den Anmeldestart für das Schuljahr 2026/27 bekanntgegeben.',
 'fact', ARRAY['Kindergarten Bruckfeld'],
 'https://www.muenchenstein.ch/aktuelles', 'muenchenstein.ch', 'Gemeinde Münchenstein Aktuelles',
 '{"city":"Münchenstein","state":"Basel-Landschaft","country":"Schweiz","latitude":47.5167,"longitude":7.6167}'::jsonb,
 'Lokalnachrichten', _seed_embedding(3, 319), false, NULL, NOW() - INTERVAL '26 days', (NOW() - INTERVAL '26 days')::date, 'scout'),
('493c6d51531c7444365b0ec094bc2d67', 'ba000000-0007-4000-a000-000000000007', 'bc000000-0007-4000-a000-000000000007',
 'Am 29. Januar 2026 hat die Gemeinde Münchenstein 12''500 Einwohnerinnen und Einwohner per Ende 2025 vermeldet.',
 'fact', ARRAY['Gemeinde Münchenstein'],
 'https://www.muenchenstein.ch/aktuelles', 'muenchenstein.ch', 'Gemeinde Münchenstein Aktuelles',
 '{"city":"Münchenstein","state":"Basel-Landschaft","country":"Schweiz","latitude":47.5167,"longitude":7.6167}'::jsonb,
 'Lokalnachrichten', _seed_embedding(3, 320), false, NULL, NOW() - INTERVAL '27 days', (NOW() - INTERVAL '27 days')::date, 'scout'),
('493c6d51531c7444365b0ec094bc2d67', 'ba000000-0007-4000-a000-000000000007', 'bc000000-0007-4000-a000-000000000007',
 'Am 28. Januar 2026 hat der Quartierverein Gartenstadt Münchenstein eine Informationsveranstaltung zur Quartierplanung durchgeführt.',
 'event', ARRAY['Quartierverein Gartenstadt'],
 'https://www.muenchenstein.ch/aktuelles', 'muenchenstein.ch', 'Gemeinde Münchenstein Aktuelles',
 '{"city":"Münchenstein","state":"Basel-Landschaft","country":"Schweiz","latitude":47.5167,"longitude":7.6167}'::jsonb,
 'Lokalnachrichten', _seed_embedding(3, 321), false, NULL, NOW() - INTERVAL '28 days', (NOW() - INTERVAL '28 days')::date, 'scout'),
('493c6d51531c7444365b0ec094bc2d67', 'ba000000-0007-4000-a000-000000000007', 'bc000000-0007-4000-a000-000000000007',
 'Am 27. Januar 2026 hat das Alterszentrum Hofmatt Münchenstein den neuen Speisesaal nach dem Umbau eingeweiht.',
 'event', ARRAY['Alterszentrum Hofmatt'],
 'https://www.muenchenstein.ch/aktuelles', 'muenchenstein.ch', 'Gemeinde Münchenstein Aktuelles',
 '{"city":"Münchenstein","state":"Basel-Landschaft","country":"Schweiz","latitude":47.5167,"longitude":7.6167}'::jsonb,
 'Lokalnachrichten', _seed_embedding(3, 322), false, NULL, NOW() - INTERVAL '29 days', (NOW() - INTERVAL '29 days')::date, 'scout');

-- ========== REINACH (27 units, topic 3) ==========

INSERT INTO information_units (user_id, scout_id, execution_id, statement, unit_type, entities, source_url, source_domain, source_title, location, topic, embedding, used_in_article, used_at, created_at, event_date, source_type) VALUES
('493c6d51531c7444365b0ec094bc2d67', 'ba000000-0008-4000-a000-000000000008', 'bc000000-0008-4000-a000-000000000008',
 'Am 24. Februar 2026 hat der Gemeinderat Reinach die Verdichtungsplanung für das Fiechten-Quartier mit 320 neuen Wohnungen vorgestellt.',
 'fact', ARRAY['Gemeinderat Reinach', 'Fiechten-Quartier'],
 'https://www.reinach-bl.ch/aktuelles', 'reinach-bl.ch', 'Gemeinde Reinach BL Aktuelles',
 '{"city":"Reinach","state":"Basel-Landschaft","country":"Schweiz","latitude":47.4935,"longitude":7.5912}'::jsonb,
 'Lokalnachrichten', _seed_embedding(3, 331), false, NULL, NOW() - INTERVAL '1 day', (NOW() - INTERVAL '1 day')::date, 'scout'),
('493c6d51531c7444365b0ec094bc2d67', 'ba000000-0008-4000-a000-000000000008', 'bc000000-0008-4000-a000-000000000008',
 'Am 23. Februar 2026 hat der Wochenmarkt Reinach auf dem Dorfplatz einen neuen Blumenstand erhalten.',
 'event', ARRAY['Wochenmarkt Reinach', 'Dorfplatz'],
 'https://www.reinach-bl.ch/aktuelles', 'reinach-bl.ch', 'Gemeinde Reinach BL Aktuelles',
 '{"city":"Reinach","state":"Basel-Landschaft","country":"Schweiz","latitude":47.4935,"longitude":7.5912}'::jsonb,
 'Lokalnachrichten', _seed_embedding(3, 332), false, NULL, NOW() - INTERVAL '2 days', (NOW() - INTERVAL '2 days')::date, 'scout'),
('493c6d51531c7444365b0ec094bc2d67', 'ba000000-0008-4000-a000-000000000008', 'bc000000-0008-4000-a000-000000000008',
 'Am 22. Februar 2026 hat der Schulrat Reinach das Digitalisierungskonzept für alle Primarschulen mit Tablets für die 5. und 6. Klasse beschlossen.',
 'fact', ARRAY['Schulrat Reinach'],
 'https://www.reinach-bl.ch/aktuelles', 'reinach-bl.ch', 'Gemeinde Reinach BL Aktuelles',
 '{"city":"Reinach","state":"Basel-Landschaft","country":"Schweiz","latitude":47.4935,"longitude":7.5912}'::jsonb,
 'Lokalnachrichten', _seed_embedding(3, 333), false, NULL, NOW() - INTERVAL '3 days', (NOW() - INTERVAL '3 days')::date, 'scout'),
('493c6d51531c7444365b0ec094bc2d67', 'ba000000-0008-4000-a000-000000000008', 'bc000000-0008-4000-a000-000000000008',
 'Am 21. Februar 2026 hat der FC Reinach das Heimspiel gegen den FC Birsfelden mit 4:2 gewonnen.',
 'event', ARRAY['FC Reinach', 'FC Birsfelden'],
 'https://www.reinach-bl.ch/aktuelles', 'reinach-bl.ch', 'Gemeinde Reinach BL Aktuelles',
 '{"city":"Reinach","state":"Basel-Landschaft","country":"Schweiz","latitude":47.4935,"longitude":7.5912}'::jsonb,
 'Lokalnachrichten', _seed_embedding(3, 334), false, NULL, NOW() - INTERVAL '4 days', (NOW() - INTERVAL '4 days')::date, 'scout'),
('493c6d51531c7444365b0ec094bc2d67', 'ba000000-0008-4000-a000-000000000008', 'bc000000-0008-4000-a000-000000000008',
 'Am 20. Februar 2026 hat die Gemeindebibliothek Reinach den neuen Medienraum mit 3D-Drucker und VR-Brillen eröffnet.',
 'event', ARRAY['Gemeindebibliothek Reinach'],
 'https://www.reinach-bl.ch/aktuelles', 'reinach-bl.ch', 'Gemeinde Reinach BL Aktuelles',
 '{"city":"Reinach","state":"Basel-Landschaft","country":"Schweiz","latitude":47.4935,"longitude":7.5912}'::jsonb,
 'Lokalnachrichten', _seed_embedding(3, 335), false, NULL, NOW() - INTERVAL '5 days', (NOW() - INTERVAL '5 days')::date, 'scout'),
('493c6d51531c7444365b0ec094bc2d67', 'ba000000-0008-4000-a000-000000000008', 'bc000000-0008-4000-a000-000000000008',
 'Am 19. Februar 2026 hat der Einwohnerrat Reinach die Sanierung des Birspark-Areals für 2,8 Millionen Franken bewilligt.',
 'fact', ARRAY['Einwohnerrat Reinach', 'Birspark'],
 'https://www.reinach-bl.ch/aktuelles', 'reinach-bl.ch', 'Gemeinde Reinach BL Aktuelles',
 '{"city":"Reinach","state":"Basel-Landschaft","country":"Schweiz","latitude":47.4935,"longitude":7.5912}'::jsonb,
 'Lokalnachrichten', _seed_embedding(3, 336), false, NULL, NOW() - INTERVAL '6 days', (NOW() - INTERVAL '6 days')::date, 'scout'),
('493c6d51531c7444365b0ec094bc2d67', 'ba000000-0008-4000-a000-000000000008', 'bc000000-0008-4000-a000-000000000008',
 'Am 18. Februar 2026 hat die Fasnachtsgesellschaft Reinach den Cortège-Umzug für den 9. März mit 24 teilnehmenden Cliquen angekündigt.',
 'event', ARRAY['Fasnachtsgesellschaft Reinach'],
 'https://www.reinach-bl.ch/aktuelles', 'reinach-bl.ch', 'Gemeinde Reinach BL Aktuelles',
 '{"city":"Reinach","state":"Basel-Landschaft","country":"Schweiz","latitude":47.4935,"longitude":7.5912}'::jsonb,
 'Lokalnachrichten', _seed_embedding(3, 337), false, NULL, NOW() - INTERVAL '7 days', (NOW() - INTERVAL '7 days')::date, 'scout'),
('493c6d51531c7444365b0ec094bc2d67', 'ba000000-0008-4000-a000-000000000008', 'bc000000-0008-4000-a000-000000000008',
 'Am 17. Februar 2026 hat der Gemeinderat Reinach die Einrichtung von zwei neuen Tempo-30-Zonen in den Quartieren Surbaum und Mischeli beschlossen.',
 'fact', ARRAY['Gemeinderat Reinach', 'Surbaum', 'Mischeli'],
 'https://www.reinach-bl.ch/aktuelles', 'reinach-bl.ch', 'Gemeinde Reinach BL Aktuelles',
 '{"city":"Reinach","state":"Basel-Landschaft","country":"Schweiz","latitude":47.4935,"longitude":7.5912}'::jsonb,
 'Lokalnachrichten', _seed_embedding(3, 338), false, NULL, NOW() - INTERVAL '8 days', (NOW() - INTERVAL '8 days')::date, 'scout'),
('493c6d51531c7444365b0ec094bc2d67', 'ba000000-0008-4000-a000-000000000008', 'bc000000-0008-4000-a000-000000000008',
 'Am 16. Februar 2026 hat die Musikschule Reinach das Frühlingskonzert mit 65 Schülerinnen und Schülern im Weiermattsaal aufgeführt.',
 'event', ARRAY['Musikschule Reinach', 'Weiermattsaal'],
 'https://www.reinach-bl.ch/aktuelles', 'reinach-bl.ch', 'Gemeinde Reinach BL Aktuelles',
 '{"city":"Reinach","state":"Basel-Landschaft","country":"Schweiz","latitude":47.4935,"longitude":7.5912}'::jsonb,
 'Lokalnachrichten', _seed_embedding(3, 339), false, NULL, NOW() - INTERVAL '9 days', (NOW() - INTERVAL '9 days')::date, 'scout'),
('493c6d51531c7444365b0ec094bc2d67', 'ba000000-0008-4000-a000-000000000008', 'bc000000-0008-4000-a000-000000000008',
 'Am 14. Februar 2026 hat die Metzgerei Sutter in Reinach nach 45 Jahren Betrieb die Schliessung per Ende März angekündigt.',
 'event', ARRAY['Metzgerei Sutter'],
 'https://www.reinach-bl.ch/aktuelles', 'reinach-bl.ch', 'Gemeinde Reinach BL Aktuelles',
 '{"city":"Reinach","state":"Basel-Landschaft","country":"Schweiz","latitude":47.4935,"longitude":7.5912}'::jsonb,
 'Lokalnachrichten', _seed_embedding(3, 340), false, NULL, NOW() - INTERVAL '11 days', (NOW() - INTERVAL '11 days')::date, 'scout'),
('493c6d51531c7444365b0ec094bc2d67', 'ba000000-0008-4000-a000-000000000008', 'bc000000-0008-4000-a000-000000000008',
 'Am 13. Februar 2026 hat der Samariterverein Reinach den neuen AED-Standort bei der Migros-Filiale eingeweiht.',
 'entity_update', ARRAY['Samariterverein Reinach', 'Migros'],
 'https://www.reinach-bl.ch/aktuelles', 'reinach-bl.ch', 'Gemeinde Reinach BL Aktuelles',
 '{"city":"Reinach","state":"Basel-Landschaft","country":"Schweiz","latitude":47.4935,"longitude":7.5912}'::jsonb,
 'Lokalnachrichten', _seed_embedding(3, 341), false, NULL, NOW() - INTERVAL '12 days', (NOW() - INTERVAL '12 days')::date, 'scout'),
('493c6d51531c7444365b0ec094bc2d67', 'ba000000-0008-4000-a000-000000000008', 'bc000000-0008-4000-a000-000000000008',
 'Am 12. Februar 2026 hat die Jugendarbeit Reinach den offenen Treff «Chillout» am Freitagabend für Jugendliche ab 13 Jahren lanciert.',
 'event', ARRAY['Jugendarbeit Reinach'],
 'https://www.reinach-bl.ch/aktuelles', 'reinach-bl.ch', 'Gemeinde Reinach BL Aktuelles',
 '{"city":"Reinach","state":"Basel-Landschaft","country":"Schweiz","latitude":47.4935,"longitude":7.5912}'::jsonb,
 'Lokalnachrichten', _seed_embedding(3, 342), false, NULL, NOW() - INTERVAL '13 days', (NOW() - INTERVAL '13 days')::date, 'scout'),
('493c6d51531c7444365b0ec094bc2d67', 'ba000000-0008-4000-a000-000000000008', 'bc000000-0008-4000-a000-000000000008',
 'Am 11. Februar 2026 hat die Gemeinde Reinach die Bevölkerungszahl 2025 publiziert: 19''850 Einwohnerinnen und Einwohner.',
 'fact', ARRAY['Gemeinde Reinach'],
 'https://www.reinach-bl.ch/aktuelles', 'reinach-bl.ch', 'Gemeinde Reinach BL Aktuelles',
 '{"city":"Reinach","state":"Basel-Landschaft","country":"Schweiz","latitude":47.4935,"longitude":7.5912}'::jsonb,
 'Lokalnachrichten', _seed_embedding(3, 343), false, NULL, NOW() - INTERVAL '14 days', (NOW() - INTERVAL '14 days')::date, 'scout'),
('493c6d51531c7444365b0ec094bc2d67', 'ba000000-0008-4000-a000-000000000008', 'bc000000-0008-4000-a000-000000000008',
 'Am 9. Februar 2026 hat der Gewerbeverein Reinach die «Gwärbi-Zytig» mit Porträts von 15 neuen Geschäften herausgegeben.',
 'event', ARRAY['Gewerbeverein Reinach'],
 'https://www.reinach-bl.ch/aktuelles', 'reinach-bl.ch', 'Gemeinde Reinach BL Aktuelles',
 '{"city":"Reinach","state":"Basel-Landschaft","country":"Schweiz","latitude":47.4935,"longitude":7.5912}'::jsonb,
 'Lokalnachrichten', _seed_embedding(3, 344), false, NULL, NOW() - INTERVAL '16 days', (NOW() - INTERVAL '16 days')::date, 'scout'),
('493c6d51531c7444365b0ec094bc2d67', 'ba000000-0008-4000-a000-000000000008', 'bc000000-0008-4000-a000-000000000008',
 'Am 7. Februar 2026 hat die BLT die Haltestelle Reinach Süd barrierefrei umgebaut und die neuen Perrons eingeweiht.',
 'entity_update', ARRAY['BLT', 'Haltestelle Reinach Süd'],
 'https://www.reinach-bl.ch/aktuelles', 'reinach-bl.ch', 'Gemeinde Reinach BL Aktuelles',
 '{"city":"Reinach","state":"Basel-Landschaft","country":"Schweiz","latitude":47.4935,"longitude":7.5912}'::jsonb,
 'Lokalnachrichten', _seed_embedding(3, 345), false, NULL, NOW() - INTERVAL '18 days', (NOW() - INTERVAL '18 days')::date, 'scout'),
('493c6d51531c7444365b0ec094bc2d67', 'ba000000-0008-4000-a000-000000000008', 'bc000000-0008-4000-a000-000000000008',
 'Am 5. Februar 2026 hat der Turnverein Reinach die Teilnahme am kantonalen Turnfest in Pratteln mit 80 Turnerinnen und Turnern bestätigt.',
 'event', ARRAY['Turnverein Reinach'],
 'https://www.reinach-bl.ch/aktuelles', 'reinach-bl.ch', 'Gemeinde Reinach BL Aktuelles',
 '{"city":"Reinach","state":"Basel-Landschaft","country":"Schweiz","latitude":47.4935,"longitude":7.5912}'::jsonb,
 'Lokalnachrichten', _seed_embedding(3, 346), false, NULL, NOW() - INTERVAL '20 days', (NOW() - INTERVAL '20 days')::date, 'scout'),
('493c6d51531c7444365b0ec094bc2d67', 'ba000000-0008-4000-a000-000000000008', 'bc000000-0008-4000-a000-000000000008',
 'Am 4. Februar 2026 hat das Altersheim Humanitas Reinach den Spatenstich für den neuen Gartentrakt gefeiert.',
 'event', ARRAY['Altersheim Humanitas'],
 'https://www.reinach-bl.ch/aktuelles', 'reinach-bl.ch', 'Gemeinde Reinach BL Aktuelles',
 '{"city":"Reinach","state":"Basel-Landschaft","country":"Schweiz","latitude":47.4935,"longitude":7.5912}'::jsonb,
 'Lokalnachrichten', _seed_embedding(3, 347), false, NULL, NOW() - INTERVAL '21 days', (NOW() - INTERVAL '21 days')::date, 'scout'),
('493c6d51531c7444365b0ec094bc2d67', 'ba000000-0008-4000-a000-000000000008', 'bc000000-0008-4000-a000-000000000008',
 'Am 3. Februar 2026 hat der Gemeinderat Reinach die Erneuerung der Kanalisation in der Hauptstrasse für 4,1 Millionen Franken beschlossen.',
 'fact', ARRAY['Gemeinderat Reinach', 'Hauptstrasse'],
 'https://www.reinach-bl.ch/aktuelles', 'reinach-bl.ch', 'Gemeinde Reinach BL Aktuelles',
 '{"city":"Reinach","state":"Basel-Landschaft","country":"Schweiz","latitude":47.4935,"longitude":7.5912}'::jsonb,
 'Lokalnachrichten', _seed_embedding(3, 348), false, NULL, NOW() - INTERVAL '22 days', (NOW() - INTERVAL '22 days')::date, 'scout'),
('493c6d51531c7444365b0ec094bc2d67', 'ba000000-0008-4000-a000-000000000008', 'bc000000-0008-4000-a000-000000000008',
 'Am 2. Februar 2026 hat der Elternverein Reinach die Petition für einen sicheren Schulweg an der Bruggstrasse eingereicht.',
 'event', ARRAY['Elternverein Reinach', 'Bruggstrasse'],
 'https://www.reinach-bl.ch/aktuelles', 'reinach-bl.ch', 'Gemeinde Reinach BL Aktuelles',
 '{"city":"Reinach","state":"Basel-Landschaft","country":"Schweiz","latitude":47.4935,"longitude":7.5912}'::jsonb,
 'Lokalnachrichten', _seed_embedding(3, 349), false, NULL, NOW() - INTERVAL '23 days', (NOW() - INTERVAL '23 days')::date, 'scout'),
('493c6d51531c7444365b0ec094bc2d67', 'ba000000-0008-4000-a000-000000000008', 'bc000000-0008-4000-a000-000000000008',
 'Am 1. Februar 2026 hat die Bürgergemeinde Reinach die Verpachtung der Waldwirtschaft für weitere fünf Jahre verlängert.',
 'fact', ARRAY['Bürgergemeinde Reinach'],
 'https://www.reinach-bl.ch/aktuelles', 'reinach-bl.ch', 'Gemeinde Reinach BL Aktuelles',
 '{"city":"Reinach","state":"Basel-Landschaft","country":"Schweiz","latitude":47.4935,"longitude":7.5912}'::jsonb,
 'Lokalnachrichten', _seed_embedding(3, 350), false, NULL, NOW() - INTERVAL '24 days', (NOW() - INTERVAL '24 days')::date, 'scout'),
('493c6d51531c7444365b0ec094bc2d67', 'ba000000-0008-4000-a000-000000000008', 'bc000000-0008-4000-a000-000000000008',
 'Am 30. Januar 2026 hat die Gemeindeverwaltung Reinach den neuen Online-Schalter für Umzugsmeldungen aufgeschaltet.',
 'entity_update', ARRAY['Gemeindeverwaltung Reinach'],
 'https://www.reinach-bl.ch/aktuelles', 'reinach-bl.ch', 'Gemeinde Reinach BL Aktuelles',
 '{"city":"Reinach","state":"Basel-Landschaft","country":"Schweiz","latitude":47.4935,"longitude":7.5912}'::jsonb,
 'Lokalnachrichten', _seed_embedding(3, 351), false, NULL, NOW() - INTERVAL '26 days', (NOW() - INTERVAL '26 days')::date, 'scout'),
('493c6d51531c7444365b0ec094bc2d67', 'ba000000-0008-4000-a000-000000000008', 'bc000000-0008-4000-a000-000000000008',
 'Am 29. Januar 2026 hat die Freiwillige Feuerwehr Reinach den neuen Tanklöschwagen in Dienst gestellt.',
 'entity_update', ARRAY['Feuerwehr Reinach'],
 'https://www.reinach-bl.ch/aktuelles', 'reinach-bl.ch', 'Gemeinde Reinach BL Aktuelles',
 '{"city":"Reinach","state":"Basel-Landschaft","country":"Schweiz","latitude":47.4935,"longitude":7.5912}'::jsonb,
 'Lokalnachrichten', _seed_embedding(3, 352), false, NULL, NOW() - INTERVAL '27 days', (NOW() - INTERVAL '27 days')::date, 'scout'),
('493c6d51531c7444365b0ec094bc2d67', 'ba000000-0008-4000-a000-000000000008', 'bc000000-0008-4000-a000-000000000008',
 'Am 28. Januar 2026 hat der Verschönerungsverein Reinach die Pflanzaktion im Dorfkern mit 50 neuen Rosenstöcken durchgeführt.',
 'event', ARRAY['Verschönerungsverein Reinach'],
 'https://www.reinach-bl.ch/aktuelles', 'reinach-bl.ch', 'Gemeinde Reinach BL Aktuelles',
 '{"city":"Reinach","state":"Basel-Landschaft","country":"Schweiz","latitude":47.4935,"longitude":7.5912}'::jsonb,
 'Lokalnachrichten', _seed_embedding(3, 353), false, NULL, NOW() - INTERVAL '28 days', (NOW() - INTERVAL '28 days')::date, 'scout'),
('493c6d51531c7444365b0ec094bc2d67', 'ba000000-0008-4000-a000-000000000008', 'bc000000-0008-4000-a000-000000000008',
 'Am 27. Januar 2026 hat die Primarschule Fiechten Reinach den neuen Mittagstisch mit 40 Plätzen eröffnet.',
 'event', ARRAY['Primarschule Fiechten'],
 'https://www.reinach-bl.ch/aktuelles', 'reinach-bl.ch', 'Gemeinde Reinach BL Aktuelles',
 '{"city":"Reinach","state":"Basel-Landschaft","country":"Schweiz","latitude":47.4935,"longitude":7.5912}'::jsonb,
 'Lokalnachrichten', _seed_embedding(3, 354), false, NULL, NOW() - INTERVAL '29 days', (NOW() - INTERVAL '29 days')::date, 'scout');

-- ========== OBERWIL (25 units, topic 4) ==========

INSERT INTO information_units (user_id, scout_id, execution_id, statement, unit_type, entities, source_url, source_domain, source_title, location, topic, embedding, used_in_article, used_at, created_at, event_date, source_type) VALUES
('493c6d51531c7444365b0ec094bc2d67', 'ba000000-0009-4000-a000-000000000009', 'bc000000-0009-4000-a000-000000000009',
 'Am 24. Februar 2026 hat der Gemeinderat Oberwil die Neuplanung des Dorfzentrums mit Fussgängerzone und unterirdischer Parkierung vorgestellt.',
 'fact', ARRAY['Gemeinderat Oberwil'],
 'https://www.oberwil.ch/aktuelles', 'oberwil.ch', 'Gemeinde Oberwil Aktuelles',
 '{"city":"Oberwil","state":"Basel-Landschaft","country":"Schweiz","latitude":47.5148,"longitude":7.5555}'::jsonb,
 'Lokalnachrichten', _seed_embedding(4, 301), false, NULL, NOW() - INTERVAL '1 day', (NOW() - INTERVAL '1 day')::date, 'scout'),
('493c6d51531c7444365b0ec094bc2d67', 'ba000000-0009-4000-a000-000000000009', 'bc000000-0009-4000-a000-000000000009',
 'Am 23. Februar 2026 hat der Einwohnerrat Oberwil die Sanierung des Eisweihers für 1,6 Millionen Franken bewilligt.',
 'fact', ARRAY['Einwohnerrat Oberwil', 'Eisweiher'],
 'https://www.oberwil.ch/aktuelles', 'oberwil.ch', 'Gemeinde Oberwil Aktuelles',
 '{"city":"Oberwil","state":"Basel-Landschaft","country":"Schweiz","latitude":47.5148,"longitude":7.5555}'::jsonb,
 'Lokalnachrichten', _seed_embedding(4, 302), false, NULL, NOW() - INTERVAL '2 days', (NOW() - INTERVAL '2 days')::date, 'scout'),
('493c6d51531c7444365b0ec094bc2d67', 'ba000000-0009-4000-a000-000000000009', 'bc000000-0009-4000-a000-000000000009',
 'Am 22. Februar 2026 hat der Turnverein Oberwil beim kantonalen Geräteturnwettkampf in Liestal zwei Goldmedaillen gewonnen.',
 'event', ARRAY['Turnverein Oberwil'],
 'https://www.oberwil.ch/aktuelles', 'oberwil.ch', 'Gemeinde Oberwil Aktuelles',
 '{"city":"Oberwil","state":"Basel-Landschaft","country":"Schweiz","latitude":47.5148,"longitude":7.5555}'::jsonb,
 'Lokalnachrichten', _seed_embedding(4, 303), false, NULL, NOW() - INTERVAL '3 days', (NOW() - INTERVAL '3 days')::date, 'scout'),
('493c6d51531c7444365b0ec094bc2d67', 'ba000000-0009-4000-a000-000000000009', 'bc000000-0009-4000-a000-000000000009',
 'Am 21. Februar 2026 hat die BLT die Tramlinie 10 zwischen Oberwil und Rodersdorf wegen Gleisbauarbeiten für zwei Wochenenden gesperrt.',
 'fact', ARRAY['BLT', 'Tramlinie 10'],
 'https://www.oberwil.ch/aktuelles', 'oberwil.ch', 'Gemeinde Oberwil Aktuelles',
 '{"city":"Oberwil","state":"Basel-Landschaft","country":"Schweiz","latitude":47.5148,"longitude":7.5555}'::jsonb,
 'Lokalnachrichten', _seed_embedding(4, 304), false, NULL, NOW() - INTERVAL '4 days', (NOW() - INTERVAL '4 days')::date, 'scout'),
('493c6d51531c7444365b0ec094bc2d67', 'ba000000-0009-4000-a000-000000000009', 'bc000000-0009-4000-a000-000000000009',
 'Am 20. Februar 2026 hat die Primarschule Thomasgarten Oberwil den Projekttag «Berufe entdecken» mit lokalen Handwerkern durchgeführt.',
 'event', ARRAY['Primarschule Thomasgarten'],
 'https://www.oberwil.ch/aktuelles', 'oberwil.ch', 'Gemeinde Oberwil Aktuelles',
 '{"city":"Oberwil","state":"Basel-Landschaft","country":"Schweiz","latitude":47.5148,"longitude":7.5555}'::jsonb,
 'Lokalnachrichten', _seed_embedding(4, 305), false, NULL, NOW() - INTERVAL '5 days', (NOW() - INTERVAL '5 days')::date, 'scout'),
('493c6d51531c7444365b0ec094bc2d67', 'ba000000-0009-4000-a000-000000000009', 'bc000000-0009-4000-a000-000000000009',
 'Am 19. Februar 2026 hat der Gemeinderat Oberwil die Verkehrsberuhigung auf der Mühlemattstrasse mit Pflanzkübeln und Schwellen beschlossen.',
 'fact', ARRAY['Gemeinderat Oberwil', 'Mühlemattstrasse'],
 'https://www.oberwil.ch/aktuelles', 'oberwil.ch', 'Gemeinde Oberwil Aktuelles',
 '{"city":"Oberwil","state":"Basel-Landschaft","country":"Schweiz","latitude":47.5148,"longitude":7.5555}'::jsonb,
 'Lokalnachrichten', _seed_embedding(4, 306), false, NULL, NOW() - INTERVAL '6 days', (NOW() - INTERVAL '6 days')::date, 'scout'),
('493c6d51531c7444365b0ec094bc2d67', 'ba000000-0009-4000-a000-000000000009', 'bc000000-0009-4000-a000-000000000009',
 'Am 18. Februar 2026 hat die Bäckerei Gilgen in Oberwil ihr 100-jähriges Bestehen mit einem Tag der offenen Backstube gefeiert.',
 'event', ARRAY['Bäckerei Gilgen'],
 'https://www.oberwil.ch/aktuelles', 'oberwil.ch', 'Gemeinde Oberwil Aktuelles',
 '{"city":"Oberwil","state":"Basel-Landschaft","country":"Schweiz","latitude":47.5148,"longitude":7.5555}'::jsonb,
 'Lokalnachrichten', _seed_embedding(4, 307), false, NULL, NOW() - INTERVAL '7 days', (NOW() - INTERVAL '7 days')::date, 'scout'),
('493c6d51531c7444365b0ec094bc2d67', 'ba000000-0009-4000-a000-000000000009', 'bc000000-0009-4000-a000-000000000009',
 'Am 17. Februar 2026 hat die Freiwillige Feuerwehr Oberwil die Jahresübung mit 55 Teilnehmenden auf dem Werkhof-Areal durchgeführt.',
 'event', ARRAY['Feuerwehr Oberwil'],
 'https://www.oberwil.ch/aktuelles', 'oberwil.ch', 'Gemeinde Oberwil Aktuelles',
 '{"city":"Oberwil","state":"Basel-Landschaft","country":"Schweiz","latitude":47.5148,"longitude":7.5555}'::jsonb,
 'Lokalnachrichten', _seed_embedding(4, 308), false, NULL, NOW() - INTERVAL '8 days', (NOW() - INTERVAL '8 days')::date, 'scout'),
('493c6d51531c7444365b0ec094bc2d67', 'ba000000-0009-4000-a000-000000000009', 'bc000000-0009-4000-a000-000000000009',
 'Am 15. Februar 2026 hat der Kulturverein Oberwil das Programm der Dorfkultur-Reihe 2026 mit sechs Veranstaltungen vorgestellt.',
 'entity_update', ARRAY['Kulturverein Oberwil'],
 'https://www.oberwil.ch/aktuelles', 'oberwil.ch', 'Gemeinde Oberwil Aktuelles',
 '{"city":"Oberwil","state":"Basel-Landschaft","country":"Schweiz","latitude":47.5148,"longitude":7.5555}'::jsonb,
 'Lokalnachrichten', _seed_embedding(4, 309), false, NULL, NOW() - INTERVAL '10 days', (NOW() - INTERVAL '10 days')::date, 'scout'),
('493c6d51531c7444365b0ec094bc2d67', 'ba000000-0009-4000-a000-000000000009', 'bc000000-0009-4000-a000-000000000009',
 'Am 14. Februar 2026 hat die Spitex Oberwil-Therwil den Jahresbericht 2025 mit 15''200 geleisteten Pflegestunden vorgelegt.',
 'fact', ARRAY['Spitex Oberwil-Therwil'],
 'https://www.oberwil.ch/aktuelles', 'oberwil.ch', 'Gemeinde Oberwil Aktuelles',
 '{"city":"Oberwil","state":"Basel-Landschaft","country":"Schweiz","latitude":47.5148,"longitude":7.5555}'::jsonb,
 'Lokalnachrichten', _seed_embedding(4, 310), false, NULL, NOW() - INTERVAL '11 days', (NOW() - INTERVAL '11 days')::date, 'scout'),
('493c6d51531c7444365b0ec094bc2d67', 'ba000000-0009-4000-a000-000000000009', 'bc000000-0009-4000-a000-000000000009',
 'Am 13. Februar 2026 hat der Kindergarten Mühlematt Oberwil den neuen Waldspielplatz eingeweiht.',
 'event', ARRAY['Kindergarten Mühlematt'],
 'https://www.oberwil.ch/aktuelles', 'oberwil.ch', 'Gemeinde Oberwil Aktuelles',
 '{"city":"Oberwil","state":"Basel-Landschaft","country":"Schweiz","latitude":47.5148,"longitude":7.5555}'::jsonb,
 'Lokalnachrichten', _seed_embedding(4, 311), false, NULL, NOW() - INTERVAL '12 days', (NOW() - INTERVAL '12 days')::date, 'scout'),
('493c6d51531c7444365b0ec094bc2d67', 'ba000000-0009-4000-a000-000000000009', 'bc000000-0009-4000-a000-000000000009',
 'Am 12. Februar 2026 hat die Gemeinde Oberwil die Einwohnerzahl per Ende 2025 bekanntgegeben: 11''580 Personen.',
 'fact', ARRAY['Gemeinde Oberwil'],
 'https://www.oberwil.ch/aktuelles', 'oberwil.ch', 'Gemeinde Oberwil Aktuelles',
 '{"city":"Oberwil","state":"Basel-Landschaft","country":"Schweiz","latitude":47.5148,"longitude":7.5555}'::jsonb,
 'Lokalnachrichten', _seed_embedding(4, 312), false, NULL, NOW() - INTERVAL '13 days', (NOW() - INTERVAL '13 days')::date, 'scout'),
('493c6d51531c7444365b0ec094bc2d67', 'ba000000-0009-4000-a000-000000000009', 'bc000000-0009-4000-a000-000000000009',
 'Am 11. Februar 2026 hat der Gemeinderat Oberwil den Bau einer neuen E-Ladestation beim Coop-Parkplatz genehmigt.',
 'entity_update', ARRAY['Gemeinderat Oberwil'],
 'https://www.oberwil.ch/aktuelles', 'oberwil.ch', 'Gemeinde Oberwil Aktuelles',
 '{"city":"Oberwil","state":"Basel-Landschaft","country":"Schweiz","latitude":47.5148,"longitude":7.5555}'::jsonb,
 'Lokalnachrichten', _seed_embedding(4, 313), false, NULL, NOW() - INTERVAL '14 days', (NOW() - INTERVAL '14 days')::date, 'scout'),
('493c6d51531c7444365b0ec094bc2d67', 'ba000000-0009-4000-a000-000000000009', 'bc000000-0009-4000-a000-000000000009',
 'Am 8. Februar 2026 hat der FC Oberwil die Renovation der Garderoben auf dem Sportplatz Fälliacker abgeschlossen.',
 'entity_update', ARRAY['FC Oberwil', 'Fälliacker'],
 'https://www.oberwil.ch/aktuelles', 'oberwil.ch', 'Gemeinde Oberwil Aktuelles',
 '{"city":"Oberwil","state":"Basel-Landschaft","country":"Schweiz","latitude":47.5148,"longitude":7.5555}'::jsonb,
 'Lokalnachrichten', _seed_embedding(4, 314), false, NULL, NOW() - INTERVAL '17 days', (NOW() - INTERVAL '17 days')::date, 'scout'),
('493c6d51531c7444365b0ec094bc2d67', 'ba000000-0009-4000-a000-000000000009', 'bc000000-0009-4000-a000-000000000009',
 'Am 6. Februar 2026 hat der Gewerbeverein Oberwil den «Frühligs-Märt» für den 21. März auf dem Dorfplatz angekündigt.',
 'event', ARRAY['Gewerbeverein Oberwil'],
 'https://www.oberwil.ch/aktuelles', 'oberwil.ch', 'Gemeinde Oberwil Aktuelles',
 '{"city":"Oberwil","state":"Basel-Landschaft","country":"Schweiz","latitude":47.5148,"longitude":7.5555}'::jsonb,
 'Lokalnachrichten', _seed_embedding(4, 315), false, NULL, NOW() - INTERVAL '19 days', (NOW() - INTERVAL '19 days')::date, 'scout'),
('493c6d51531c7444365b0ec094bc2d67', 'ba000000-0009-4000-a000-000000000009', 'bc000000-0009-4000-a000-000000000009',
 'Am 4. Februar 2026 hat die Musikgesellschaft Oberwil ihr Winterkonzert in der reformierten Kirche mit 180 Zuhörern aufgeführt.',
 'event', ARRAY['Musikgesellschaft Oberwil'],
 'https://www.oberwil.ch/aktuelles', 'oberwil.ch', 'Gemeinde Oberwil Aktuelles',
 '{"city":"Oberwil","state":"Basel-Landschaft","country":"Schweiz","latitude":47.5148,"longitude":7.5555}'::jsonb,
 'Lokalnachrichten', _seed_embedding(4, 316), false, NULL, NOW() - INTERVAL '21 days', (NOW() - INTERVAL '21 days')::date, 'scout'),
('493c6d51531c7444365b0ec094bc2d67', 'ba000000-0009-4000-a000-000000000009', 'bc000000-0009-4000-a000-000000000009',
 'Am 3. Februar 2026 hat der Gemeinderat Oberwil die Erneuerung der Strassenbeleuchtung auf LED-Technik im gesamten Dorf beschlossen.',
 'fact', ARRAY['Gemeinderat Oberwil'],
 'https://www.oberwil.ch/aktuelles', 'oberwil.ch', 'Gemeinde Oberwil Aktuelles',
 '{"city":"Oberwil","state":"Basel-Landschaft","country":"Schweiz","latitude":47.5148,"longitude":7.5555}'::jsonb,
 'Lokalnachrichten', _seed_embedding(4, 317), false, NULL, NOW() - INTERVAL '22 days', (NOW() - INTERVAL '22 days')::date, 'scout'),
('493c6d51531c7444365b0ec094bc2d67', 'ba000000-0009-4000-a000-000000000009', 'bc000000-0009-4000-a000-000000000009',
 'Am 1. Februar 2026 hat die Ludothek Oberwil den Spielnachmittag «Familiensonntag» mit 40 Familien durchgeführt.',
 'event', ARRAY['Ludothek Oberwil'],
 'https://www.oberwil.ch/aktuelles', 'oberwil.ch', 'Gemeinde Oberwil Aktuelles',
 '{"city":"Oberwil","state":"Basel-Landschaft","country":"Schweiz","latitude":47.5148,"longitude":7.5555}'::jsonb,
 'Lokalnachrichten', _seed_embedding(4, 318), false, NULL, NOW() - INTERVAL '24 days', (NOW() - INTERVAL '24 days')::date, 'scout'),
('493c6d51531c7444365b0ec094bc2d67', 'ba000000-0009-4000-a000-000000000009', 'bc000000-0009-4000-a000-000000000009',
 'Am 30. Januar 2026 hat die Gemeinde Oberwil den neuen Abfallkalender 2026 mit Grüngut-Sammelterminen an alle Haushalte verteilt.',
 'entity_update', ARRAY['Gemeinde Oberwil'],
 'https://www.oberwil.ch/aktuelles', 'oberwil.ch', 'Gemeinde Oberwil Aktuelles',
 '{"city":"Oberwil","state":"Basel-Landschaft","country":"Schweiz","latitude":47.5148,"longitude":7.5555}'::jsonb,
 'Lokalnachrichten', _seed_embedding(4, 319), false, NULL, NOW() - INTERVAL '26 days', (NOW() - INTERVAL '26 days')::date, 'scout'),
('493c6d51531c7444365b0ec094bc2d67', 'ba000000-0009-4000-a000-000000000009', 'bc000000-0009-4000-a000-000000000009',
 'Am 29. Januar 2026 hat die Sekundarschule Oberwil den Berufswahl-Parcours mit 20 Betrieben aus der Region organisiert.',
 'event', ARRAY['Sekundarschule Oberwil'],
 'https://www.oberwil.ch/aktuelles', 'oberwil.ch', 'Gemeinde Oberwil Aktuelles',
 '{"city":"Oberwil","state":"Basel-Landschaft","country":"Schweiz","latitude":47.5148,"longitude":7.5555}'::jsonb,
 'Lokalnachrichten', _seed_embedding(4, 320), false, NULL, NOW() - INTERVAL '27 days', (NOW() - INTERVAL '27 days')::date, 'scout'),
('493c6d51531c7444365b0ec094bc2d67', 'ba000000-0009-4000-a000-000000000009', 'bc000000-0009-4000-a000-000000000009',
 'Am 28. Januar 2026 hat das Restaurant Ochsen in Oberwil nach dreiwöchiger Renovation wiedereröffnet.',
 'event', ARRAY['Restaurant Ochsen'],
 'https://www.oberwil.ch/aktuelles', 'oberwil.ch', 'Gemeinde Oberwil Aktuelles',
 '{"city":"Oberwil","state":"Basel-Landschaft","country":"Schweiz","latitude":47.5148,"longitude":7.5555}'::jsonb,
 'Lokalnachrichten', _seed_embedding(4, 321), false, NULL, NOW() - INTERVAL '28 days', (NOW() - INTERVAL '28 days')::date, 'scout');

-- ========== BIRSFELDEN (26 units, topic 4) ==========

INSERT INTO information_units (user_id, scout_id, execution_id, statement, unit_type, entities, source_url, source_domain, source_title, location, topic, embedding, used_in_article, used_at, created_at, event_date, source_type) VALUES
('493c6d51531c7444365b0ec094bc2d67', 'ba000000-000a-4000-a000-00000000000a', 'bc000000-000a-4000-a000-00000000000a',
 'Am 24. Februar 2026 hat der Gemeinderat Birsfelden die Umnutzung des Hafenareals zu einem gemischten Wohn- und Gewerbequartier vorgestellt.',
 'fact', ARRAY['Gemeinderat Birsfelden', 'Hafenareal'],
 'https://www.birsfelden.ch/aktuelles', 'birsfelden.ch', 'Gemeinde Birsfelden Aktuelles',
 '{"city":"Birsfelden","state":"Basel-Landschaft","country":"Schweiz","latitude":47.5528,"longitude":7.6222}'::jsonb,
 'Lokalnachrichten', _seed_embedding(4, 331), false, NULL, NOW() - INTERVAL '1 day', (NOW() - INTERVAL '1 day')::date, 'scout'),
('493c6d51531c7444365b0ec094bc2d67', 'ba000000-000a-4000-a000-00000000000a', 'bc000000-000a-4000-a000-00000000000a',
 'Am 23. Februar 2026 wurde die Rheinufer-Promenade in Birsfelden nach der Erweiterung um 500 Meter feierlich eröffnet.',
 'event', ARRAY['Rheinufer-Promenade'],
 'https://www.birsfelden.ch/aktuelles', 'birsfelden.ch', 'Gemeinde Birsfelden Aktuelles',
 '{"city":"Birsfelden","state":"Basel-Landschaft","country":"Schweiz","latitude":47.5528,"longitude":7.6222}'::jsonb,
 'Lokalnachrichten', _seed_embedding(4, 332), false, NULL, NOW() - INTERVAL '2 days', (NOW() - INTERVAL '2 days')::date, 'scout'),
('493c6d51531c7444365b0ec094bc2d67', 'ba000000-000a-4000-a000-00000000000a', 'bc000000-000a-4000-a000-00000000000a',
 'Am 22. Februar 2026 hat das Kraftwerk Birsfelden die geplante Sanierung der Stauanlage für 85 Millionen Franken angekündigt.',
 'fact', ARRAY['Kraftwerk Birsfelden'],
 'https://www.birsfelden.ch/aktuelles', 'birsfelden.ch', 'Gemeinde Birsfelden Aktuelles',
 '{"city":"Birsfelden","state":"Basel-Landschaft","country":"Schweiz","latitude":47.5528,"longitude":7.6222}'::jsonb,
 'Lokalnachrichten', _seed_embedding(4, 333), false, NULL, NOW() - INTERVAL '3 days', (NOW() - INTERVAL '3 days')::date, 'scout'),
('493c6d51531c7444365b0ec094bc2d67', 'ba000000-000a-4000-a000-00000000000a', 'bc000000-000a-4000-a000-00000000000a',
 'Am 21. Februar 2026 hat der Einwohnerrat Birsfelden die Einführung des Parkleitsystems im Zentrum beschlossen.',
 'fact', ARRAY['Einwohnerrat Birsfelden'],
 'https://www.birsfelden.ch/aktuelles', 'birsfelden.ch', 'Gemeinde Birsfelden Aktuelles',
 '{"city":"Birsfelden","state":"Basel-Landschaft","country":"Schweiz","latitude":47.5528,"longitude":7.6222}'::jsonb,
 'Lokalnachrichten', _seed_embedding(4, 334), false, NULL, NOW() - INTERVAL '4 days', (NOW() - INTERVAL '4 days')::date, 'scout'),
('493c6d51531c7444365b0ec094bc2d67', 'ba000000-000a-4000-a000-00000000000a', 'bc000000-000a-4000-a000-00000000000a',
 'Am 20. Februar 2026 hat die Primarschule Birsfelden den Sporttag mit 280 Kindern auf der Sternenfeld-Anlage durchgeführt.',
 'event', ARRAY['Primarschule Birsfelden', 'Sternenfeld'],
 'https://www.birsfelden.ch/aktuelles', 'birsfelden.ch', 'Gemeinde Birsfelden Aktuelles',
 '{"city":"Birsfelden","state":"Basel-Landschaft","country":"Schweiz","latitude":47.5528,"longitude":7.6222}'::jsonb,
 'Lokalnachrichten', _seed_embedding(4, 335), false, NULL, NOW() - INTERVAL '5 days', (NOW() - INTERVAL '5 days')::date, 'scout'),
('493c6d51531c7444365b0ec094bc2d67', 'ba000000-000a-4000-a000-00000000000a', 'bc000000-000a-4000-a000-00000000000a',
 'Am 19. Februar 2026 hat der Quartierverein Scheidegg Birsfelden eine Unterschriftensammlung gegen den geplanten Mobilfunkmast gestartet.',
 'event', ARRAY['Quartierverein Scheidegg'],
 'https://www.birsfelden.ch/aktuelles', 'birsfelden.ch', 'Gemeinde Birsfelden Aktuelles',
 '{"city":"Birsfelden","state":"Basel-Landschaft","country":"Schweiz","latitude":47.5528,"longitude":7.6222}'::jsonb,
 'Lokalnachrichten', _seed_embedding(4, 336), false, NULL, NOW() - INTERVAL '6 days', (NOW() - INTERVAL '6 days')::date, 'scout'),
('493c6d51531c7444365b0ec094bc2d67', 'ba000000-000a-4000-a000-00000000000a', 'bc000000-000a-4000-a000-00000000000a',
 'Am 18. Februar 2026 hat der FC Birsfelden im Derby gegen den FC Reinach 2:4 verloren.',
 'event', ARRAY['FC Birsfelden', 'FC Reinach'],
 'https://www.birsfelden.ch/aktuelles', 'birsfelden.ch', 'Gemeinde Birsfelden Aktuelles',
 '{"city":"Birsfelden","state":"Basel-Landschaft","country":"Schweiz","latitude":47.5528,"longitude":7.6222}'::jsonb,
 'Lokalnachrichten', _seed_embedding(4, 337), false, NULL, NOW() - INTERVAL '7 days', (NOW() - INTERVAL '7 days')::date, 'scout'),
('493c6d51531c7444365b0ec094bc2d67', 'ba000000-000a-4000-a000-00000000000a', 'bc000000-000a-4000-a000-00000000000a',
 'Am 17. Februar 2026 hat die Gemeindeverwaltung Birsfelden die neue App «Birsfelden Info» für Gemeindeinformationen lanciert.',
 'entity_update', ARRAY['Gemeindeverwaltung Birsfelden'],
 'https://www.birsfelden.ch/aktuelles', 'birsfelden.ch', 'Gemeinde Birsfelden Aktuelles',
 '{"city":"Birsfelden","state":"Basel-Landschaft","country":"Schweiz","latitude":47.5528,"longitude":7.6222}'::jsonb,
 'Lokalnachrichten', _seed_embedding(4, 338), false, NULL, NOW() - INTERVAL '8 days', (NOW() - INTERVAL '8 days')::date, 'scout'),
('493c6d51531c7444365b0ec094bc2d67', 'ba000000-000a-4000-a000-00000000000a', 'bc000000-000a-4000-a000-00000000000a',
 'Am 16. Februar 2026 hat der Gemeinderat Birsfelden das Konzept für die Aufwertung des Schulhausplatzes mit Bäumen und Wasserspiel vorgestellt.',
 'entity_update', ARRAY['Gemeinderat Birsfelden'],
 'https://www.birsfelden.ch/aktuelles', 'birsfelden.ch', 'Gemeinde Birsfelden Aktuelles',
 '{"city":"Birsfelden","state":"Basel-Landschaft","country":"Schweiz","latitude":47.5528,"longitude":7.6222}'::jsonb,
 'Lokalnachrichten', _seed_embedding(4, 339), false, NULL, NOW() - INTERVAL '9 days', (NOW() - INTERVAL '9 days')::date, 'scout'),
('493c6d51531c7444365b0ec094bc2d67', 'ba000000-000a-4000-a000-00000000000a', 'bc000000-000a-4000-a000-00000000000a',
 'Am 14. Februar 2026 hat die Musikschule Birsfelden das Anmeldeformular für das neue Schuljahr 2026/27 veröffentlicht.',
 'entity_update', ARRAY['Musikschule Birsfelden'],
 'https://www.birsfelden.ch/aktuelles', 'birsfelden.ch', 'Gemeinde Birsfelden Aktuelles',
 '{"city":"Birsfelden","state":"Basel-Landschaft","country":"Schweiz","latitude":47.5528,"longitude":7.6222}'::jsonb,
 'Lokalnachrichten', _seed_embedding(4, 340), false, NULL, NOW() - INTERVAL '11 days', (NOW() - INTERVAL '11 days')::date, 'scout'),
('493c6d51531c7444365b0ec094bc2d67', 'ba000000-000a-4000-a000-00000000000a', 'bc000000-000a-4000-a000-00000000000a',
 'Am 13. Februar 2026 hat die Schweizerische Rheinhäfen AG den Halbjahresbericht für den Hafen Birsfelden vorgelegt: 1,2 Millionen Tonnen Güterumschlag.',
 'fact', ARRAY['Schweizerische Rheinhäfen', 'Hafen Birsfelden'],
 'https://www.birsfelden.ch/aktuelles', 'birsfelden.ch', 'Gemeinde Birsfelden Aktuelles',
 '{"city":"Birsfelden","state":"Basel-Landschaft","country":"Schweiz","latitude":47.5528,"longitude":7.6222}'::jsonb,
 'Lokalnachrichten', _seed_embedding(4, 341), false, NULL, NOW() - INTERVAL '12 days', (NOW() - INTERVAL '12 days')::date, 'scout'),
('493c6d51531c7444365b0ec094bc2d67', 'ba000000-000a-4000-a000-00000000000a', 'bc000000-000a-4000-a000-00000000000a',
 'Am 12. Februar 2026 hat der Frauenverein Birsfelden den Erlös des Weihnachtsbasars von 5''800 Franken an die Winterhilfe überwiesen.',
 'fact', ARRAY['Frauenverein Birsfelden', 'Winterhilfe'],
 'https://www.birsfelden.ch/aktuelles', 'birsfelden.ch', 'Gemeinde Birsfelden Aktuelles',
 '{"city":"Birsfelden","state":"Basel-Landschaft","country":"Schweiz","latitude":47.5528,"longitude":7.6222}'::jsonb,
 'Lokalnachrichten', _seed_embedding(4, 342), false, NULL, NOW() - INTERVAL '13 days', (NOW() - INTERVAL '13 days')::date, 'scout'),
('493c6d51531c7444365b0ec094bc2d67', 'ba000000-000a-4000-a000-00000000000a', 'bc000000-000a-4000-a000-00000000000a',
 'Am 11. Februar 2026 hat die Jugendarbeit Birsfelden den «Open Sunday» in der Turnhalle Sternenfeld für Kinder ab 6 Jahren gestartet.',
 'event', ARRAY['Jugendarbeit Birsfelden', 'Turnhalle Sternenfeld'],
 'https://www.birsfelden.ch/aktuelles', 'birsfelden.ch', 'Gemeinde Birsfelden Aktuelles',
 '{"city":"Birsfelden","state":"Basel-Landschaft","country":"Schweiz","latitude":47.5528,"longitude":7.6222}'::jsonb,
 'Lokalnachrichten', _seed_embedding(4, 343), false, NULL, NOW() - INTERVAL '14 days', (NOW() - INTERVAL '14 days')::date, 'scout'),
('493c6d51531c7444365b0ec094bc2d67', 'ba000000-000a-4000-a000-00000000000a', 'bc000000-000a-4000-a000-00000000000a',
 'Am 9. Februar 2026 hat der Gemeinderat Birsfelden die Erneuerung der Kanalisation in der Rheinfelderstrasse für 3,2 Millionen Franken beschlossen.',
 'fact', ARRAY['Gemeinderat Birsfelden', 'Rheinfelderstrasse'],
 'https://www.birsfelden.ch/aktuelles', 'birsfelden.ch', 'Gemeinde Birsfelden Aktuelles',
 '{"city":"Birsfelden","state":"Basel-Landschaft","country":"Schweiz","latitude":47.5528,"longitude":7.6222}'::jsonb,
 'Lokalnachrichten', _seed_embedding(4, 344), false, NULL, NOW() - INTERVAL '16 days', (NOW() - INTERVAL '16 days')::date, 'scout'),
('493c6d51531c7444365b0ec094bc2d67', 'ba000000-000a-4000-a000-00000000000a', 'bc000000-000a-4000-a000-00000000000a',
 'Am 7. Februar 2026 hat die Gemeinde Birsfelden die Einwohnerzahl per Ende 2025 bekanntgegeben: 10''680 Personen.',
 'fact', ARRAY['Gemeinde Birsfelden'],
 'https://www.birsfelden.ch/aktuelles', 'birsfelden.ch', 'Gemeinde Birsfelden Aktuelles',
 '{"city":"Birsfelden","state":"Basel-Landschaft","country":"Schweiz","latitude":47.5528,"longitude":7.6222}'::jsonb,
 'Lokalnachrichten', _seed_embedding(4, 345), false, NULL, NOW() - INTERVAL '18 days', (NOW() - INTERVAL '18 days')::date, 'scout'),
('493c6d51531c7444365b0ec094bc2d67', 'ba000000-000a-4000-a000-00000000000a', 'bc000000-000a-4000-a000-00000000000a',
 'Am 5. Februar 2026 hat der Veloclub Birsfelden die Mitgliederzahl auf 120 Aktive erhöht und drei neue Trainingsgruppen gebildet.',
 'entity_update', ARRAY['Veloclub Birsfelden'],
 'https://www.birsfelden.ch/aktuelles', 'birsfelden.ch', 'Gemeinde Birsfelden Aktuelles',
 '{"city":"Birsfelden","state":"Basel-Landschaft","country":"Schweiz","latitude":47.5528,"longitude":7.6222}'::jsonb,
 'Lokalnachrichten', _seed_embedding(4, 346), false, NULL, NOW() - INTERVAL '20 days', (NOW() - INTERVAL '20 days')::date, 'scout'),
('493c6d51531c7444365b0ec094bc2d67', 'ba000000-000a-4000-a000-00000000000a', 'bc000000-000a-4000-a000-00000000000a',
 'Am 4. Februar 2026 hat das Alterszentrum am Rhein in Birsfelden den neuen Aktivierungsraum für Bewohnerinnen und Bewohner eröffnet.',
 'event', ARRAY['Alterszentrum am Rhein'],
 'https://www.birsfelden.ch/aktuelles', 'birsfelden.ch', 'Gemeinde Birsfelden Aktuelles',
 '{"city":"Birsfelden","state":"Basel-Landschaft","country":"Schweiz","latitude":47.5528,"longitude":7.6222}'::jsonb,
 'Lokalnachrichten', _seed_embedding(4, 347), false, NULL, NOW() - INTERVAL '21 days', (NOW() - INTERVAL '21 days')::date, 'scout'),
('493c6d51531c7444365b0ec094bc2d67', 'ba000000-000a-4000-a000-00000000000a', 'bc000000-000a-4000-a000-00000000000a',
 'Am 3. Februar 2026 hat die Gemeindebibliothek Birsfelden den neuen Abholservice «Bücher to go» eingeführt.',
 'entity_update', ARRAY['Gemeindebibliothek Birsfelden'],
 'https://www.birsfelden.ch/aktuelles', 'birsfelden.ch', 'Gemeinde Birsfelden Aktuelles',
 '{"city":"Birsfelden","state":"Basel-Landschaft","country":"Schweiz","latitude":47.5528,"longitude":7.6222}'::jsonb,
 'Lokalnachrichten', _seed_embedding(4, 348), false, NULL, NOW() - INTERVAL '22 days', (NOW() - INTERVAL '22 days')::date, 'scout'),
('493c6d51531c7444365b0ec094bc2d67', 'ba000000-000a-4000-a000-00000000000a', 'bc000000-000a-4000-a000-00000000000a',
 'Am 1. Februar 2026 hat die Einwohnergemeinde Birsfelden den Voranschlag 2026 mit einem Aufwandüberschuss von 920''000 Franken verabschiedet.',
 'fact', ARRAY['Einwohnergemeinde Birsfelden'],
 'https://www.birsfelden.ch/aktuelles', 'birsfelden.ch', 'Gemeinde Birsfelden Aktuelles',
 '{"city":"Birsfelden","state":"Basel-Landschaft","country":"Schweiz","latitude":47.5528,"longitude":7.6222}'::jsonb,
 'Lokalnachrichten', _seed_embedding(4, 349), false, NULL, NOW() - INTERVAL '24 days', (NOW() - INTERVAL '24 days')::date, 'scout'),
('493c6d51531c7444365b0ec094bc2d67', 'ba000000-000a-4000-a000-00000000000a', 'bc000000-000a-4000-a000-00000000000a',
 'Am 30. Januar 2026 hat die Pfadi Birsfelden das Winterlager in Sedrun mit 38 Teilnehmenden erfolgreich durchgeführt.',
 'event', ARRAY['Pfadi Birsfelden'],
 'https://www.birsfelden.ch/aktuelles', 'birsfelden.ch', 'Gemeinde Birsfelden Aktuelles',
 '{"city":"Birsfelden","state":"Basel-Landschaft","country":"Schweiz","latitude":47.5528,"longitude":7.6222}'::jsonb,
 'Lokalnachrichten', _seed_embedding(4, 350), false, NULL, NOW() - INTERVAL '26 days', (NOW() - INTERVAL '26 days')::date, 'scout'),
('493c6d51531c7444365b0ec094bc2d67', 'ba000000-000a-4000-a000-00000000000a', 'bc000000-000a-4000-a000-00000000000a',
 'Am 29. Januar 2026 hat der Gemeinderat Birsfelden die Erweiterung des Recyclinghofs um eine Textil-Sammelstelle beschlossen.',
 'fact', ARRAY['Gemeinderat Birsfelden'],
 'https://www.birsfelden.ch/aktuelles', 'birsfelden.ch', 'Gemeinde Birsfelden Aktuelles',
 '{"city":"Birsfelden","state":"Basel-Landschaft","country":"Schweiz","latitude":47.5528,"longitude":7.6222}'::jsonb,
 'Lokalnachrichten', _seed_embedding(4, 351), false, NULL, NOW() - INTERVAL '27 days', (NOW() - INTERVAL '27 days')::date, 'scout'),
('493c6d51531c7444365b0ec094bc2d67', 'ba000000-000a-4000-a000-00000000000a', 'bc000000-000a-4000-a000-00000000000a',
 'Am 28. Januar 2026 hat der Samariterverein Birsfelden den Blutspende-Aktionstag im Gemeindesaal mit 85 Spenderinnen und Spendern durchgeführt.',
 'event', ARRAY['Samariterverein Birsfelden'],
 'https://www.birsfelden.ch/aktuelles', 'birsfelden.ch', 'Gemeinde Birsfelden Aktuelles',
 '{"city":"Birsfelden","state":"Basel-Landschaft","country":"Schweiz","latitude":47.5528,"longitude":7.6222}'::jsonb,
 'Lokalnachrichten', _seed_embedding(4, 352), false, NULL, NOW() - INTERVAL '28 days', (NOW() - INTERVAL '28 days')::date, 'scout'),
('493c6d51531c7444365b0ec094bc2d67', 'ba000000-000a-4000-a000-00000000000a', 'bc000000-000a-4000-a000-00000000000a',
 'Am 27. Januar 2026 hat die Gemeinde Birsfelden die neue Photovoltaikanlage auf dem Dach der Mehrzweckhalle in Betrieb genommen.',
 'event', ARRAY['Mehrzweckhalle Birsfelden'],
 'https://www.birsfelden.ch/aktuelles', 'birsfelden.ch', 'Gemeinde Birsfelden Aktuelles',
 '{"city":"Birsfelden","state":"Basel-Landschaft","country":"Schweiz","latitude":47.5528,"longitude":7.6222}'::jsonb,
 'Lokalnachrichten', _seed_embedding(4, 353), false, NULL, NOW() - INTERVAL '29 days', (NOW() - INTERVAL '29 days')::date, 'scout');

-- ========== ADDITIONAL UNITS (fill to 250+) ==========

-- Extra Riehen
INSERT INTO information_units (user_id, scout_id, execution_id, statement, unit_type, entities, source_url, source_domain, source_title, location, topic, embedding, used_in_article, used_at, created_at, event_date, source_type) VALUES
('493c6d51531c7444365b0ec094bc2d67', 'ba000000-0001-4000-a000-000000000001', 'bc000000-0001-4000-a000-000000000001',
 'Am 25. Februar 2026 hat die Gemeinde Riehen den neuen Veloverleih-Service mit zehn Stationen im Dorfgebiet gestartet.',
 'event', ARRAY['Gemeinde Riehen'],
 'https://www.riehen.ch/aktuelles', 'riehen.ch', 'Gemeinde Riehen Aktuelles',
 '{"city":"Riehen","state":"Basel-Stadt","country":"Schweiz","latitude":47.5789,"longitude":7.6469}'::jsonb,
 'Lokalnachrichten', _seed_embedding(0, 327), false, NULL, NOW(), (NOW())::date, 'scout');

-- Extra Bettingen (3 more)
INSERT INTO information_units (user_id, scout_id, execution_id, statement, unit_type, entities, source_url, source_domain, source_title, location, topic, embedding, used_in_article, used_at, created_at, event_date, source_type) VALUES
('493c6d51531c7444365b0ec094bc2d67', 'ba000000-0002-4000-a000-000000000002', 'bc000000-0002-4000-a000-000000000002',
 'Am 25. Februar 2026 hat der Gemeinderat Bettingen das neue Energiekonzept 2030 mit Fokus auf Solarenergie verabschiedet.',
 'fact', ARRAY['Gemeinderat Bettingen'],
 'https://www.bettingen.ch/aktuelles', 'bettingen.ch', 'Gemeinde Bettingen Aktuelles',
 '{"city":"Bettingen","state":"Basel-Stadt","country":"Schweiz","latitude":47.5726,"longitude":7.6639}'::jsonb,
 'Lokalnachrichten', _seed_embedding(0, 353), false, NULL, NOW(), (NOW())::date, 'scout'),
('493c6d51531c7444365b0ec094bc2d67', 'ba000000-0002-4000-a000-000000000002', 'bc000000-0002-4000-a000-000000000002',
 'Am 15. Februar 2026 hat die Freiwillige Feuerwehr Bettingen den neuen Mannschaftstransportwagen in Dienst gestellt.',
 'entity_update', ARRAY['Feuerwehr Bettingen'],
 'https://www.bettingen.ch/aktuelles', 'bettingen.ch', 'Gemeinde Bettingen Aktuelles',
 '{"city":"Bettingen","state":"Basel-Stadt","country":"Schweiz","latitude":47.5726,"longitude":7.6639}'::jsonb,
 'Lokalnachrichten', _seed_embedding(0, 354), false, NULL, NOW() - INTERVAL '10 days', (NOW() - INTERVAL '10 days')::date, 'scout'),
('493c6d51531c7444365b0ec094bc2d67', 'ba000000-0002-4000-a000-000000000002', 'bc000000-0002-4000-a000-000000000002',
 'Am 10. Februar 2026 hat die Gemeinde Bettingen die Erneuerung des Dorfbrunnens an der Hauptstrasse abgeschlossen.',
 'event', ARRAY['Gemeinde Bettingen'],
 'https://www.bettingen.ch/aktuelles', 'bettingen.ch', 'Gemeinde Bettingen Aktuelles',
 '{"city":"Bettingen","state":"Basel-Stadt","country":"Schweiz","latitude":47.5726,"longitude":7.6639}'::jsonb,
 'Lokalnachrichten', _seed_embedding(0, 355), false, NULL, NOW() - INTERVAL '15 days', (NOW() - INTERVAL '15 days')::date, 'scout');

-- Extra Allschwil (2 more)
INSERT INTO information_units (user_id, scout_id, execution_id, statement, unit_type, entities, source_url, source_domain, source_title, location, topic, embedding, used_in_article, used_at, created_at, event_date, source_type) VALUES
('493c6d51531c7444365b0ec094bc2d67', 'ba000000-0003-4000-a000-000000000003', 'bc000000-0003-4000-a000-000000000003',
 'Am 25. Februar 2026 hat die Gemeinde Allschwil die Online-Plattform für Vereinsanmeldungen aufgeschaltet.',
 'entity_update', ARRAY['Gemeinde Allschwil'],
 'https://www.allschwil.ch/aktuelles', 'allschwil.ch', 'Gemeinde Allschwil Aktuelles',
 '{"city":"Allschwil","state":"Basel-Landschaft","country":"Schweiz","latitude":47.5508,"longitude":7.5362}'::jsonb,
 'Lokalnachrichten', _seed_embedding(1, 324), false, NULL, NOW(), (NOW())::date, 'scout'),
('493c6d51531c7444365b0ec094bc2d67', 'ba000000-0003-4000-a000-000000000003', 'bc000000-0003-4000-a000-000000000003',
 'Am 10. Februar 2026 hat der Samariterverein Allschwil den Nothilfe-Kurs mit 28 Teilnehmenden abgehalten.',
 'event', ARRAY['Samariterverein Allschwil'],
 'https://www.allschwil.ch/aktuelles', 'allschwil.ch', 'Gemeinde Allschwil Aktuelles',
 '{"city":"Allschwil","state":"Basel-Landschaft","country":"Schweiz","latitude":47.5508,"longitude":7.5362}'::jsonb,
 'Lokalnachrichten', _seed_embedding(1, 325), false, NULL, NOW() - INTERVAL '15 days', (NOW() - INTERVAL '15 days')::date, 'scout');

-- Extra Binningen (3 more)
INSERT INTO information_units (user_id, scout_id, execution_id, statement, unit_type, entities, source_url, source_domain, source_title, location, topic, embedding, used_in_article, used_at, created_at, event_date, source_type) VALUES
('493c6d51531c7444365b0ec094bc2d67', 'ba000000-0004-4000-a000-000000000004', 'bc000000-0004-4000-a000-000000000004',
 'Am 25. Februar 2026 hat der Gemeinderat Binningen die neue Parkierungsverordnung für das Zentrum erlassen.',
 'fact', ARRAY['Gemeinderat Binningen'],
 'https://www.binningen.ch/aktuelles', 'binningen.ch', 'Gemeinde Binningen Aktuelles',
 '{"city":"Binningen","state":"Basel-Landschaft","country":"Schweiz","latitude":47.5407,"longitude":7.5695}'::jsonb,
 'Lokalnachrichten', _seed_embedding(1, 353), false, NULL, NOW(), (NOW())::date, 'scout'),
('493c6d51531c7444365b0ec094bc2d67', 'ba000000-0004-4000-a000-000000000004', 'bc000000-0004-4000-a000-000000000004',
 'Am 15. Februar 2026 hat der Elternrat der Primarschule Margarethen Binningen den Flohmarkt mit 45 Ständen organisiert.',
 'event', ARRAY['Primarschule Margarethen'],
 'https://www.binningen.ch/aktuelles', 'binningen.ch', 'Gemeinde Binningen Aktuelles',
 '{"city":"Binningen","state":"Basel-Landschaft","country":"Schweiz","latitude":47.5407,"longitude":7.5695}'::jsonb,
 'Lokalnachrichten', _seed_embedding(1, 354), false, NULL, NOW() - INTERVAL '10 days', (NOW() - INTERVAL '10 days')::date, 'scout'),
('493c6d51531c7444365b0ec094bc2d67', 'ba000000-0004-4000-a000-000000000004', 'bc000000-0004-4000-a000-000000000004',
 'Am 10. Februar 2026 hat die Feuerwehr Binningen eine Alarmübung im Schloss Binningen mit 40 Einsatzkräften durchgeführt.',
 'event', ARRAY['Feuerwehr Binningen', 'Schloss Binningen'],
 'https://www.binningen.ch/aktuelles', 'binningen.ch', 'Gemeinde Binningen Aktuelles',
 '{"city":"Binningen","state":"Basel-Landschaft","country":"Schweiz","latitude":47.5407,"longitude":7.5695}'::jsonb,
 'Lokalnachrichten', _seed_embedding(1, 355), false, NULL, NOW() - INTERVAL '15 days', (NOW() - INTERVAL '15 days')::date, 'scout');

-- Extra Arlesheim (3 more)
INSERT INTO information_units (user_id, scout_id, execution_id, statement, unit_type, entities, source_url, source_domain, source_title, location, topic, embedding, used_in_article, used_at, created_at, event_date, source_type) VALUES
('493c6d51531c7444365b0ec094bc2d67', 'ba000000-0005-4000-a000-000000000005', 'bc000000-0005-4000-a000-000000000005',
 'Am 25. Februar 2026 hat die Gemeinde Arlesheim die Erneuerung der Friedhofsanlage mit Urnengrabfeld abgeschlossen.',
 'entity_update', ARRAY['Gemeinde Arlesheim'],
 'https://www.arlesheim.ch/aktuelles', 'arlesheim.ch', 'Gemeinde Arlesheim Aktuelles',
 '{"city":"Arlesheim","state":"Basel-Landschaft","country":"Schweiz","latitude":47.4949,"longitude":7.6207}'::jsonb,
 'Lokalnachrichten', _seed_embedding(2, 323), false, NULL, NOW(), (NOW())::date, 'scout'),
('493c6d51531c7444365b0ec094bc2d67', 'ba000000-0005-4000-a000-000000000005', 'bc000000-0005-4000-a000-000000000005',
 'Am 15. Februar 2026 hat der Naturschutzverein Arlesheim die Fledermaus-Kartierung im Ermitage-Park durchgeführt.',
 'event', ARRAY['Naturschutzverein Arlesheim', 'Ermitage'],
 'https://www.arlesheim.ch/aktuelles', 'arlesheim.ch', 'Gemeinde Arlesheim Aktuelles',
 '{"city":"Arlesheim","state":"Basel-Landschaft","country":"Schweiz","latitude":47.4949,"longitude":7.6207}'::jsonb,
 'Lokalnachrichten', _seed_embedding(2, 324), false, NULL, NOW() - INTERVAL '10 days', (NOW() - INTERVAL '10 days')::date, 'scout'),
('493c6d51531c7444365b0ec094bc2d67', 'ba000000-0005-4000-a000-000000000005', 'bc000000-0005-4000-a000-000000000005',
 'Am 10. Februar 2026 hat die Birs bei Arlesheim nach Schneeschmelze den höchsten Pegelstand seit zwei Jahren erreicht.',
 'fact', ARRAY['Birs'],
 'https://www.arlesheim.ch/aktuelles', 'arlesheim.ch', 'Gemeinde Arlesheim Aktuelles',
 '{"city":"Arlesheim","state":"Basel-Landschaft","country":"Schweiz","latitude":47.4949,"longitude":7.6207}'::jsonb,
 'Lokalnachrichten', _seed_embedding(2, 325), false, NULL, NOW() - INTERVAL '15 days', (NOW() - INTERVAL '15 days')::date, 'scout');

-- Extra Muttenz (2 more)
INSERT INTO information_units (user_id, scout_id, execution_id, statement, unit_type, entities, source_url, source_domain, source_title, location, topic, embedding, used_in_article, used_at, created_at, event_date, source_type) VALUES
('493c6d51531c7444365b0ec094bc2d67', 'ba000000-0006-4000-a000-000000000006', 'bc000000-0006-4000-a000-000000000006',
 'Am 25. Februar 2026 hat die FHNW Muttenz die Resultate des Hochschultags mit 500 Besuchern veröffentlicht.',
 'fact', ARRAY['FHNW'],
 'https://www.muttenz.ch/aktuelles', 'muttenz.ch', 'Gemeinde Muttenz Aktuelles',
 '{"city":"Muttenz","state":"Basel-Landschaft","country":"Schweiz","latitude":47.5225,"longitude":7.6451}'::jsonb,
 'Lokalnachrichten', _seed_embedding(2, 354), false, NULL, NOW(), (NOW())::date, 'scout'),
('493c6d51531c7444365b0ec094bc2d67', 'ba000000-0006-4000-a000-000000000006', 'bc000000-0006-4000-a000-000000000006',
 'Am 10. Februar 2026 hat die Gemeinde Muttenz die Erneuerung des Kinderspielplatzes beim Gemeindehaus abgeschlossen.',
 'event', ARRAY['Gemeinde Muttenz'],
 'https://www.muttenz.ch/aktuelles', 'muttenz.ch', 'Gemeinde Muttenz Aktuelles',
 '{"city":"Muttenz","state":"Basel-Landschaft","country":"Schweiz","latitude":47.5225,"longitude":7.6451}'::jsonb,
 'Lokalnachrichten', _seed_embedding(2, 355), false, NULL, NOW() - INTERVAL '15 days', (NOW() - INTERVAL '15 days')::date, 'scout');

-- Extra Münchenstein (3 more)
INSERT INTO information_units (user_id, scout_id, execution_id, statement, unit_type, entities, source_url, source_domain, source_title, location, topic, embedding, used_in_article, used_at, created_at, event_date, source_type) VALUES
('493c6d51531c7444365b0ec094bc2d67', 'ba000000-0007-4000-a000-000000000007', 'bc000000-0007-4000-a000-000000000007',
 'Am 25. Februar 2026 hat der FC Münchenstein die Anmeldung für die Juniorencamps 2026 eröffnet.',
 'event', ARRAY['FC Münchenstein'],
 'https://www.muenchenstein.ch/aktuelles', 'muenchenstein.ch', 'Gemeinde Münchenstein Aktuelles',
 '{"city":"Münchenstein","state":"Basel-Landschaft","country":"Schweiz","latitude":47.5167,"longitude":7.6167}'::jsonb,
 'Lokalnachrichten', _seed_embedding(3, 323), false, NULL, NOW(), (NOW())::date, 'scout'),
('493c6d51531c7444365b0ec094bc2d67', 'ba000000-0007-4000-a000-000000000007', 'bc000000-0007-4000-a000-000000000007',
 'Am 15. Februar 2026 hat die Gemeinde Münchenstein den neuen Veloweg entlang der Birs zwischen Dorf und St. Jakob eröffnet.',
 'event', ARRAY['Gemeinde Münchenstein', 'Birs'],
 'https://www.muenchenstein.ch/aktuelles', 'muenchenstein.ch', 'Gemeinde Münchenstein Aktuelles',
 '{"city":"Münchenstein","state":"Basel-Landschaft","country":"Schweiz","latitude":47.5167,"longitude":7.6167}'::jsonb,
 'Lokalnachrichten', _seed_embedding(3, 324), false, NULL, NOW() - INTERVAL '10 days', (NOW() - INTERVAL '10 days')::date, 'scout'),
('493c6d51531c7444365b0ec094bc2d67', 'ba000000-0007-4000-a000-000000000007', 'bc000000-0007-4000-a000-000000000007',
 'Am 10. Februar 2026 hat der Elternverein Münchenstein die Lesenacht in der Gemeindebibliothek mit 35 Kindern organisiert.',
 'event', ARRAY['Elternverein Münchenstein'],
 'https://www.muenchenstein.ch/aktuelles', 'muenchenstein.ch', 'Gemeinde Münchenstein Aktuelles',
 '{"city":"Münchenstein","state":"Basel-Landschaft","country":"Schweiz","latitude":47.5167,"longitude":7.6167}'::jsonb,
 'Lokalnachrichten', _seed_embedding(3, 325), false, NULL, NOW() - INTERVAL '15 days', (NOW() - INTERVAL '15 days')::date, 'scout');

-- Extra Reinach (1 more)
INSERT INTO information_units (user_id, scout_id, execution_id, statement, unit_type, entities, source_url, source_domain, source_title, location, topic, embedding, used_in_article, used_at, created_at, event_date, source_type) VALUES
('493c6d51531c7444365b0ec094bc2d67', 'ba000000-0008-4000-a000-000000000008', 'bc000000-0008-4000-a000-000000000008',
 'Am 25. Februar 2026 hat die Gemeinde Reinach den neuen Quartierplan für das Gebiet Kägen mit 180 Wohnungen publiziert.',
 'fact', ARRAY['Gemeinde Reinach', 'Kägen'],
 'https://www.reinach-bl.ch/aktuelles', 'reinach-bl.ch', 'Gemeinde Reinach BL Aktuelles',
 '{"city":"Reinach","state":"Basel-Landschaft","country":"Schweiz","latitude":47.4935,"longitude":7.5912}'::jsonb,
 'Lokalnachrichten', _seed_embedding(3, 355), false, NULL, NOW(), (NOW())::date, 'scout');

-- Extra Oberwil (4 more)
INSERT INTO information_units (user_id, scout_id, execution_id, statement, unit_type, entities, source_url, source_domain, source_title, location, topic, embedding, used_in_article, used_at, created_at, event_date, source_type) VALUES
('493c6d51531c7444365b0ec094bc2d67', 'ba000000-0009-4000-a000-000000000009', 'bc000000-0009-4000-a000-000000000009',
 'Am 25. Februar 2026 hat die Gemeinde Oberwil die neue Website mit Bürgerportal aufgeschaltet.',
 'entity_update', ARRAY['Gemeinde Oberwil'],
 'https://www.oberwil.ch/aktuelles', 'oberwil.ch', 'Gemeinde Oberwil Aktuelles',
 '{"city":"Oberwil","state":"Basel-Landschaft","country":"Schweiz","latitude":47.5148,"longitude":7.5555}'::jsonb,
 'Lokalnachrichten', _seed_embedding(4, 322), false, NULL, NOW(), (NOW())::date, 'scout'),
('493c6d51531c7444365b0ec094bc2d67', 'ba000000-0009-4000-a000-000000000009', 'bc000000-0009-4000-a000-000000000009',
 'Am 16. Februar 2026 hat der Gemeinderat Oberwil die Sanierung der Wasserversorgung im Gebiet Hinterberg beschlossen.',
 'fact', ARRAY['Gemeinderat Oberwil'],
 'https://www.oberwil.ch/aktuelles', 'oberwil.ch', 'Gemeinde Oberwil Aktuelles',
 '{"city":"Oberwil","state":"Basel-Landschaft","country":"Schweiz","latitude":47.5148,"longitude":7.5555}'::jsonb,
 'Lokalnachrichten', _seed_embedding(4, 323), false, NULL, NOW() - INTERVAL '9 days', (NOW() - INTERVAL '9 days')::date, 'scout'),
('493c6d51531c7444365b0ec094bc2d67', 'ba000000-0009-4000-a000-000000000009', 'bc000000-0009-4000-a000-000000000009',
 'Am 10. Februar 2026 hat der Kindergarten Thomasgarten Oberwil den Fasnachtsumzug im Dorfzentrum durchgeführt.',
 'event', ARRAY['Kindergarten Thomasgarten'],
 'https://www.oberwil.ch/aktuelles', 'oberwil.ch', 'Gemeinde Oberwil Aktuelles',
 '{"city":"Oberwil","state":"Basel-Landschaft","country":"Schweiz","latitude":47.5148,"longitude":7.5555}'::jsonb,
 'Lokalnachrichten', _seed_embedding(4, 324), false, NULL, NOW() - INTERVAL '15 days', (NOW() - INTERVAL '15 days')::date, 'scout'),
('493c6d51531c7444365b0ec094bc2d67', 'ba000000-0009-4000-a000-000000000009', 'bc000000-0009-4000-a000-000000000009',
 'Am 5. Februar 2026 hat die Spitex Oberwil-Therwil drei neue Mitarbeitende für den Nachtdienst eingestellt.',
 'entity_update', ARRAY['Spitex Oberwil-Therwil'],
 'https://www.oberwil.ch/aktuelles', 'oberwil.ch', 'Gemeinde Oberwil Aktuelles',
 '{"city":"Oberwil","state":"Basel-Landschaft","country":"Schweiz","latitude":47.5148,"longitude":7.5555}'::jsonb,
 'Lokalnachrichten', _seed_embedding(4, 325), false, NULL, NOW() - INTERVAL '20 days', (NOW() - INTERVAL '20 days')::date, 'scout');

-- Extra Birsfelden (2 more)
INSERT INTO information_units (user_id, scout_id, execution_id, statement, unit_type, entities, source_url, source_domain, source_title, location, topic, embedding, used_in_article, used_at, created_at, event_date, source_type) VALUES
('493c6d51531c7444365b0ec094bc2d67', 'ba000000-000a-4000-a000-00000000000a', 'bc000000-000a-4000-a000-00000000000a',
 'Am 25. Februar 2026 hat der Gemeinderat Birsfelden die Vergabe des Hafenrestaurant-Betriebs an einen neuen Pächter bekanntgegeben.',
 'fact', ARRAY['Gemeinderat Birsfelden', 'Hafenrestaurant'],
 'https://www.birsfelden.ch/aktuelles', 'birsfelden.ch', 'Gemeinde Birsfelden Aktuelles',
 '{"city":"Birsfelden","state":"Basel-Landschaft","country":"Schweiz","latitude":47.5528,"longitude":7.6222}'::jsonb,
 'Lokalnachrichten', _seed_embedding(4, 354), false, NULL, NOW(), (NOW())::date, 'scout'),
('493c6d51531c7444365b0ec094bc2d67', 'ba000000-000a-4000-a000-00000000000a', 'bc000000-000a-4000-a000-00000000000a',
 'Am 15. Februar 2026 hat der Turnverein Birsfelden die Anmeldung für das Kinder-Turncamp in den Sportferien eröffnet.',
 'event', ARRAY['Turnverein Birsfelden'],
 'https://www.birsfelden.ch/aktuelles', 'birsfelden.ch', 'Gemeinde Birsfelden Aktuelles',
 '{"city":"Birsfelden","state":"Basel-Landschaft","country":"Schweiz","latitude":47.5528,"longitude":7.6222}'::jsonb,
 'Lokalnachrichten', _seed_embedding(4, 355), false, NULL, NOW() - INTERVAL '10 days', (NOW() - INTERVAL '10 days')::date, 'scout');

-- ============================================================================
-- 6. CLEANUP — drop helper function
-- ============================================================================

DROP FUNCTION IF EXISTS _seed_embedding(INT, INT);
